trade_date,close,source_id,qfq_close,qfq_cash_adjustment_cny,daily_dividend_cny,allocation_status,allocation_period_start,allocation_period_end,allocation_trading_days,allocation_source_ex_date,ttm_window_start_exclusive,ttm_trading_days,ttm_history_complete,ttm_estimated_trading_days,ttm_estimated_dividend_cny,ttm_dividend_cny,ttm_dividend_yield_pct,actual_365d_dividend_count,actual_365d_dividend_cny,actual_365d_dividend_yield_pct
2019-12-27,1.041,tencent_finance,0.606,0.435,0.0002690582959641256,historical,2019-12-27,2020-11-30,223,2020-11-30,2018-12-27,1,False,0,0.0,,,0,,
2019-12-30,1.052,tencent_finance,0.617,0.435,0.0002690582959641256,historical,2019-12-27,2020-11-30,223,2020-11-30,2018-12-30,2,False,0,0.0,,,0,,
2019-12-31,1.06,tencent_finance,0.625,0.435,0.0002690582959641256,historical,2019-12-27,2020-11-30,223,2020-11-30,2018-12-31,3,False,0,0.0,,,0,,
2020-01-02,1.074,tencent_finance,0.639,0.435,0.0002690582959641256,historical,2019-12-27,2020-11-30,223,2020-11-30,2019-01-02,4,False,0,0.0,,,0,,
2020-01-03,1.073,tencent_finance,0.638,0.435,0.0002690582959641256,historical,2019-12-27,2020-11-30,223,2020-11-30,2019-01-03,5,False,0,0.0,,,0,,
2020-01-06,1.07,tencent_finance,0.635,0.435,0.0002690582959641256,historical,2019-12-27,2020-11-30,223,2020-11-30,2019-01-06,6,False,0,0.0,,,0,,
2020-01-07,1.077,tencent_finance,0.642,0.435,0.0002690582959641256,historical,2019-12-27,2020-11-30,223,2020-11-30,2019-01-07,7,False,0,0.0,,,0,,
2020-01-08,1.066,tencent_finance,0.631,0.435,0.0002690582959641256,historical,2019-12-27,2020-11-30,223,2020-11-30,2019-01-08,8,False,0,0.0,,,0,,
2020-01-09,1.079,tencent_finance,0.644,0.435,0.0002690582959641256,historical,2019-12-27,2020-11-30,223,2020-11-30,2019-01-09,9,False,0,0.0,,,0,,
2020-01-10,1.075,tencent_finance,0.64,0.435,0.0002690582959641256,historical,2019-12-27,2020-11-30,223,2020-11-30,2019-01-10,10,False,0,0.0,,,0,,
2020-01-13,1.083,tencent_finance,0.648,0.435,0.0002690582959641256,historical,2019-12-27,2020-11-30,223,2020-11-30,2019-01-13,11,False,0,0.0,,,0,,
2020-01-14,1.083,tencent_finance,0.648,0.435,0.0002690582959641256,historical,2019-12-27,2020-11-30,223,2020-11-30,2019-01-14,12,False,0,0.0,,,0,,
2020-01-15,1.079,tencent_finance,0.644,0.435,0.0002690582959641256,historical,2019-12-27,2020-11-30,223,2020-11-30,2019-01-15,13,False,0,0.0,,,0,,
2020-01-16,1.074,tencent_finance,0.639,0.435,0.0002690582959641256,historical,2019-12-27,2020-11-30,223,2020-11-30,2019-01-16,14,False,0,0.0,,,0,,
2020-01-17,1.075,tencent_finance,0.64,0.435,0.0002690582959641256,historical,2019-12-27,2020-11-30,223,2020-11-30,2019-01-17,15,False,0,0.0,,,0,,
2020-01-20,1.076,tencent_finance,0.641,0.435,0.0002690582959641256,historical,2019-12-27,2020-11-30,223,2020-11-30,2019-01-20,16,False,0,0.0,,,0,,
2020-01-21,1.058,tencent_finance,0.623,0.435,0.0002690582959641256,historical,2019-12-27,2020-11-30,223,2020-11-30,2019-01-21,17,False,0,0.0,,,0,,
2020-01-22,1.06,tencent_finance,0.625,0.435,0.0002690582959641256,historical,2019-12-27,2020-11-30,223,2020-11-30,2019-01-22,18,False,0,0.0,,,0,,
2020-01-23,1.04,tencent_finance,0.605,0.435,0.0002690582959641256,historical,2019-12-27,2020-11-30,223,2020-11-30,2019-01-23,19,False,0,0.0,,,0,,
2020-02-03,0.94,tencent_finance,0.505,0.435,0.0002690582959641256,historical,2019-12-27,2020-11-30,223,2020-11-30,2019-02-03,20,False,0,0.0,,,0,,
2020-02-04,0.967,tencent_finance,0.532,0.435,0.0002690582959641256,historical,2019-12-27,2020-11-30,223,2020-11-30,2019-02-04,21,False,0,0.0,,,0,,
2020-02-05,0.975,tencent_finance,0.54,0.435,0.0002690582959641256,historical,2019-12-27,2020-11-30,223,2020-11-30,2019-02-05,22,False,0,0.0,,,0,,
2020-02-06,0.988,tencent_finance,0.553,0.435,0.0002690582959641256,historical,2019-12-27,2020-11-30,223,2020-11-30,2019-02-06,23,False,0,0.0,,,0,,
2020-02-07,0.988,tencent_finance,0.553,0.435,0.0002690582959641256,historical,2019-12-27,2020-11-30,223,2020-11-30,2019-02-07,24,False,0,0.0,,,0,,
2020-02-10,1.003,tencent_finance,0.568,0.435,0.0002690582959641256,historical,2019-12-27,2020-11-30,223,2020-11-30,2019-02-10,25,False,0,0.0,,,0,,
2020-02-11,1.009,tencent_finance,0.574,0.435,0.0002690582959641256,historical,2019-12-27,2020-11-30,223,2020-11-30,2019-02-11,26,False,0,0.0,,,0,,
2020-02-12,1.013,tencent_finance,0.578,0.435,0.0002690582959641256,historical,2019-12-27,2020-11-30,223,2020-11-30,2019-02-12,27,False,0,0.0,,,0,,
2020-02-13,1.008,tencent_finance,0.573,0.435,0.0002690582959641256,historical,2019-12-27,2020-11-30,223,2020-11-30,2019-02-13,28,False,0,0.0,,,0,,
2020-02-14,1.013,tencent_finance,0.578,0.435,0.0002690582959641256,historical,2019-12-27,2020-11-30,223,2020-11-30,2019-02-14,29,False,0,0.0,,,0,,
2020-02-17,1.036,tencent_finance,0.601,0.435,0.0002690582959641256,historical,2019-12-27,2020-11-30,223,2020-11-30,2019-02-17,30,False,0,0.0,,,0,,
2020-02-18,1.037,tencent_finance,0.602,0.435,0.0002690582959641256,historical,2019-12-27,2020-11-30,223,2020-11-30,2019-02-18,31,False,0,0.0,,,0,,
2020-02-19,1.031,tencent_finance,0.596,0.435,0.0002690582959641256,historical,2019-12-27,2020-11-30,223,2020-11-30,2019-02-19,32,False,0,0.0,,,0,,
2020-02-20,1.046,tencent_finance,0.611,0.435,0.0002690582959641256,historical,2019-12-27,2020-11-30,223,2020-11-30,2019-02-20,33,False,0,0.0,,,0,,
2020-02-21,1.05,tencent_finance,0.615,0.435,0.0002690582959641256,historical,2019-12-27,2020-11-30,223,2020-11-30,2019-02-21,34,False,0,0.0,,,0,,
2020-02-24,1.042,tencent_finance,0.607,0.435,0.0002690582959641256,historical,2019-12-27,2020-11-30,223,2020-11-30,2019-02-24,35,False,0,0.0,,,0,,
2020-02-25,1.031,tencent_finance,0.596,0.435,0.0002690582959641256,historical,2019-12-27,2020-11-30,223,2020-11-30,2019-02-25,36,False,0,0.0,,,0,,
2020-02-26,1.033,tencent_finance,0.598,0.435,0.0002690582959641256,historical,2019-12-27,2020-11-30,223,2020-11-30,2019-02-26,37,False,0,0.0,,,0,,
2020-02-27,1.035,tencent_finance,0.6,0.435,0.0002690582959641256,historical,2019-12-27,2020-11-30,223,2020-11-30,2019-02-27,38,False,0,0.0,,,0,,
2020-02-28,1.008,tencent_finance,0.573,0.435,0.0002690582959641256,historical,2019-12-27,2020-11-30,223,2020-11-30,2019-02-28,39,False,0,0.0,,,0,,
2020-03-02,1.044,tencent_finance,0.609,0.435,0.0002690582959641256,historical,2019-12-27,2020-11-30,223,2020-11-30,2019-03-02,40,False,0,0.0,,,0,,
2020-03-03,1.044,tencent_finance,0.609,0.435,0.0002690582959641256,historical,2019-12-27,2020-11-30,223,2020-11-30,2019-03-03,41,False,0,0.0,,,0,,
2020-03-04,1.057,tencent_finance,0.622,0.435,0.0002690582959641256,historical,2019-12-27,2020-11-30,223,2020-11-30,2019-03-04,42,False,0,0.0,,,0,,
2020-03-05,1.071,tencent_finance,0.636,0.435,0.0002690582959641256,historical,2019-12-27,2020-11-30,223,2020-11-30,2019-03-05,43,False,0,0.0,,,0,,
2020-03-06,1.059,tencent_finance,0.624,0.435,0.0002690582959641256,historical,2019-12-27,2020-11-30,223,2020-11-30,2019-03-06,44,False,0,0.0,,,0,,
2020-03-09,1.028,tencent_finance,0.593,0.435,0.0002690582959641256,historical,2019-12-27,2020-11-30,223,2020-11-30,2019-03-09,45,False,0,0.0,,,0,,
2020-03-10,1.048,tencent_finance,0.613,0.435,0.0002690582959641256,historical,2019-12-27,2020-11-30,223,2020-11-30,2019-03-10,46,False,0,0.0,,,0,,
2020-03-11,1.036,tencent_finance,0.601,0.435,0.0002690582959641256,historical,2019-12-27,2020-11-30,223,2020-11-30,2019-03-11,47,False,0,0.0,,,0,,
2020-03-12,1.021,tencent_finance,0.586,0.435,0.0002690582959641256,historical,2019-12-27,2020-11-30,223,2020-11-30,2019-03-12,48,False,0,0.0,,,0,,
2020-03-13,1.003,tencent_finance,0.568,0.435,0.0002690582959641256,historical,2019-12-27,2020-11-30,223,2020-11-30,2019-03-13,49,False,0,0.0,,,0,,
2020-03-16,0.973,tencent_finance,0.538,0.435,0.0002690582959641256,historical,2019-12-27,2020-11-30,223,2020-11-30,2019-03-16,50,False,0,0.0,,,0,,
2020-03-17,0.969,tencent_finance,0.534,0.435,0.0002690582959641256,historical,2019-12-27,2020-11-30,223,2020-11-30,2019-03-17,51,False,0,0.0,,,0,,
2020-03-18,0.958,tencent_finance,0.523,0.435,0.0002690582959641256,historical,2019-12-27,2020-11-30,223,2020-11-30,2019-03-18,52,False,0,0.0,,,0,,
2020-03-19,0.949,tencent_finance,0.514,0.435,0.0002690582959641256,historical,2019-12-27,2020-11-30,223,2020-11-30,2019-03-19,53,False,0,0.0,,,0,,
2020-03-20,0.962,tencent_finance,0.527,0.435,0.0002690582959641256,historical,2019-12-27,2020-11-30,223,2020-11-30,2019-03-20,54,False,0,0.0,,,0,,
2020-03-23,0.933,tencent_finance,0.498,0.435,0.0002690582959641256,historical,2019-12-27,2020-11-30,223,2020-11-30,2019-03-23,55,False,0,0.0,,,0,,
2020-03-24,0.956,tencent_finance,0.521,0.435,0.0002690582959641256,historical,2019-12-27,2020-11-30,223,2020-11-30,2019-03-24,56,False,0,0.0,,,0,,
2020-03-25,0.975,tencent_finance,0.54,0.435,0.0002690582959641256,historical,2019-12-27,2020-11-30,223,2020-11-30,2019-03-25,57,False,0,0.0,,,0,,
2020-03-26,0.966,tencent_finance,0.531,0.435,0.0002690582959641256,historical,2019-12-27,2020-11-30,223,2020-11-30,2019-03-26,58,False,0,0.0,,,0,,
2020-03-27,0.972,tencent_finance,0.537,0.435,0.0002690582959641256,historical,2019-12-27,2020-11-30,223,2020-11-30,2019-03-27,59,False,0,0.0,,,0,,
2020-03-30,0.96,tencent_finance,0.525,0.435,0.0002690582959641256,historical,2019-12-27,2020-11-30,223,2020-11-30,2019-03-30,60,False,0,0.0,,,0,,
2020-03-31,0.96,tencent_finance,0.525,0.435,0.0002690582959641256,historical,2019-12-27,2020-11-30,223,2020-11-30,2019-03-31,61,False,0,0.0,,,0,,
2020-04-01,0.953,tencent_finance,0.518,0.435,0.0002690582959641256,historical,2019-12-27,2020-11-30,223,2020-11-30,2019-04-01,62,False,0,0.0,,,0,,
2020-04-02,0.966,tencent_finance,0.531,0.435,0.0002690582959641256,historical,2019-12-27,2020-11-30,223,2020-11-30,2019-04-02,63,False,0,0.0,,,0,,
2020-04-03,0.959,tencent_finance,0.524,0.435,0.0002690582959641256,historical,2019-12-27,2020-11-30,223,2020-11-30,2019-04-03,64,False,0,0.0,,,0,,
2020-04-07,0.978,tencent_finance,0.543,0.435,0.0002690582959641256,historical,2019-12-27,2020-11-30,223,2020-11-30,2019-04-07,65,False,0,0.0,,,0,,
2020-04-08,0.979,tencent_finance,0.544,0.435,0.0002690582959641256,historical,2019-12-27,2020-11-30,223,2020-11-30,2019-04-08,66,False,0,0.0,,,0,,
2020-04-09,0.982,tencent_finance,0.547,0.435,0.0002690582959641256,historical,2019-12-27,2020-11-30,223,2020-11-30,2019-04-09,67,False,0,0.0,,,0,,
2020-04-10,0.973,tencent_finance,0.538,0.435,0.0002690582959641256,historical,2019-12-27,2020-11-30,223,2020-11-30,2019-04-10,68,False,0,0.0,,,0,,
2020-04-13,0.97,tencent_finance,0.535,0.435,0.0002690582959641256,historical,2019-12-27,2020-11-30,223,2020-11-30,2019-04-13,69,False,0,0.0,,,0,,
2020-04-14,0.982,tencent_finance,0.547,0.435,0.0002690582959641256,historical,2019-12-27,2020-11-30,223,2020-11-30,2019-04-14,70,False,0,0.0,,,0,,
2020-04-15,0.977,tencent_finance,0.542,0.435,0.0002690582959641256,historical,2019-12-27,2020-11-30,223,2020-11-30,2019-04-15,71,False,0,0.0,,,0,,
2020-04-16,0.973,tencent_finance,0.538,0.435,0.0002690582959641256,historical,2019-12-27,2020-11-30,223,2020-11-30,2019-04-16,72,False,0,0.0,,,0,,
2020-04-17,0.978,tencent_finance,0.543,0.435,0.0002690582959641256,historical,2019-12-27,2020-11-30,223,2020-11-30,2019-04-17,73,False,0,0.0,,,0,,
2020-04-20,0.982,tencent_finance,0.547,0.435,0.0002690582959641256,historical,2019-12-27,2020-11-30,223,2020-11-30,2019-04-20,74,False,0,0.0,,,0,,
2020-04-21,0.977,tencent_finance,0.542,0.435,0.0002690582959641256,historical,2019-12-27,2020-11-30,223,2020-11-30,2019-04-21,75,False,0,0.0,,,0,,
2020-04-22,0.98,tencent_finance,0.545,0.435,0.0002690582959641256,historical,2019-12-27,2020-11-30,223,2020-11-30,2019-04-22,76,False,0,0.0,,,0,,
2020-04-23,0.978,tencent_finance,0.543,0.435,0.0002690582959641256,historical,2019-12-27,2020-11-30,223,2020-11-30,2019-04-23,77,False,0,0.0,,,0,,
2020-04-24,0.972,tencent_finance,0.537,0.435,0.0002690582959641256,historical,2019-12-27,2020-11-30,223,2020-11-30,2019-04-24,78,False,0,0.0,,,0,,
2020-04-27,0.979,tencent_finance,0.544,0.435,0.0002690582959641256,historical,2019-12-27,2020-11-30,223,2020-11-30,2019-04-27,79,False,0,0.0,,,0,,
2020-04-28,0.974,tencent_finance,0.539,0.435,0.0002690582959641256,historical,2019-12-27,2020-11-30,223,2020-11-30,2019-04-28,80,False,0,0.0,,,0,,
2020-04-29,0.982,tencent_finance,0.547,0.435,0.0002690582959641256,historical,2019-12-27,2020-11-30,223,2020-11-30,2019-04-29,81,False,0,0.0,,,0,,
2020-04-30,0.994,tencent_finance,0.559,0.435,0.0002690582959641256,historical,2019-12-27,2020-11-30,223,2020-11-30,2019-04-30,82,False,0,0.0,,,0,,
2020-05-06,0.994,tencent_finance,0.559,0.435,0.0002690582959641256,historical,2019-12-27,2020-11-30,223,2020-11-30,2019-05-06,83,False,0,0.0,,,0,,
2020-05-07,0.995,tencent_finance,0.56,0.435,0.0002690582959641256,historical,2019-12-27,2020-11-30,223,2020-11-30,2019-05-07,84,False,0,0.0,,,0,,
2020-05-08,1.002,tencent_finance,0.567,0.435,0.0002690582959641256,historical,2019-12-27,2020-11-30,223,2020-11-30,2019-05-08,85,False,0,0.0,,,0,,
2020-05-11,1.006,tencent_finance,0.571,0.435,0.0002690582959641256,historical,2019-12-27,2020-11-30,223,2020-11-30,2019-05-11,86,False,0,0.0,,,0,,
2020-05-12,1.005,tencent_finance,0.57,0.435,0.0002690582959641256,historical,2019-12-27,2020-11-30,223,2020-11-30,2019-05-12,87,False,0,0.0,,,0,,
2020-05-13,1.006,tencent_finance,0.571,0.435,0.0002690582959641256,historical,2019-12-27,2020-11-30,223,2020-11-30,2019-05-13,88,False,0,0.0,,,0,,
2020-05-14,0.997,tencent_finance,0.562,0.435,0.0002690582959641256,historical,2019-12-27,2020-11-30,223,2020-11-30,2019-05-14,89,False,0,0.0,,,0,,
2020-05-15,0.992,tencent_finance,0.557,0.435,0.0002690582959641256,historical,2019-12-27,2020-11-30,223,2020-11-30,2019-05-15,90,False,0,0.0,,,0,,
2020-05-18,0.994,tencent_finance,0.559,0.435,0.0002690582959641256,historical,2019-12-27,2020-11-30,223,2020-11-30,2019-05-18,91,False,0,0.0,,,0,,
2020-05-19,1.001,tencent_finance,0.566,0.435,0.0002690582959641256,historical,2019-12-27,2020-11-30,223,2020-11-30,2019-05-19,92,False,0,0.0,,,0,,
2020-05-20,0.994,tencent_finance,0.559,0.435,0.0002690582959641256,historical,2019-12-27,2020-11-30,223,2020-11-30,2019-05-20,93,False,0,0.0,,,0,,
2020-05-21,0.989,tencent_finance,0.554,0.435,0.0002690582959641256,historical,2019-12-27,2020-11-30,223,2020-11-30,2019-05-21,94,False,0,0.0,,,0,,
2020-05-22,0.975,tencent_finance,0.54,0.435,0.0002690582959641256,historical,2019-12-27,2020-11-30,223,2020-11-30,2019-05-22,95,False,0,0.0,,,0,,
2020-05-25,0.978,tencent_finance,0.543,0.435,0.0002690582959641256,historical,2019-12-27,2020-11-30,223,2020-11-30,2019-05-25,96,False,0,0.0,,,0,,
2020-05-26,0.987,tencent_finance,0.552,0.435,0.0002690582959641256,historical,2019-12-27,2020-11-30,223,2020-11-30,2019-05-26,97,False,0,0.0,,,0,,
2020-05-27,0.989,tencent_finance,0.554,0.435,0.0002690582959641256,historical,2019-12-27,2020-11-30,223,2020-11-30,2019-05-27,98,False,0,0.0,,,0,,
2020-05-28,0.988,tencent_finance,0.553,0.435,0.0002690582959641256,historical,2019-12-27,2020-11-30,223,2020-11-30,2019-05-28,99,False,0,0.0,,,0,,
2020-05-29,0.986,tencent_finance,0.551,0.435,0.0002690582959641256,historical,2019-12-27,2020-11-30,223,2020-11-30,2019-05-29,100,False,0,0.0,,,0,,
2020-06-01,1.005,tencent_finance,0.57,0.435,0.0002690582959641256,historical,2019-12-27,2020-11-30,223,2020-11-30,2019-06-01,101,False,0,0.0,,,0,,
2020-06-02,1.009,tencent_finance,0.574,0.435,0.0002690582959641256,historical,2019-12-27,2020-11-30,223,2020-11-30,2019-06-02,102,False,0,0.0,,,0,,
2020-06-03,1.01,tencent_finance,0.575,0.435,0.0002690582959641256,historical,2019-12-27,2020-11-30,223,2020-11-30,2019-06-03,103,False,0,0.0,,,0,,
2020-06-04,1.012,tencent_finance,0.577,0.435,0.0002690582959641256,historical,2019-12-27,2020-11-30,223,2020-11-30,2019-06-04,104,False,0,0.0,,,0,,
2020-06-05,1.01,tencent_finance,0.575,0.435,0.0002690582959641256,historical,2019-12-27,2020-11-30,223,2020-11-30,2019-06-05,105,False,0,0.0,,,0,,
2020-06-08,1.011,tencent_finance,0.576,0.435,0.0002690582959641256,historical,2019-12-27,2020-11-30,223,2020-11-30,2019-06-08,106,False,0,0.0,,,0,,
2020-06-09,1.016,tencent_finance,0.581,0.435,0.0002690582959641256,historical,2019-12-27,2020-11-30,223,2020-11-30,2019-06-09,107,False,0,0.0,,,0,,
2020-06-10,1.013,tencent_finance,0.578,0.435,0.0002690582959641256,historical,2019-12-27,2020-11-30,223,2020-11-30,2019-06-10,108,False,0,0.0,,,0,,
2020-06-11,1.005,tencent_finance,0.57,0.435,0.0002690582959641256,historical,2019-12-27,2020-11-30,223,2020-11-30,2019-06-11,109,False,0,0.0,,,0,,
2020-06-12,1.005,tencent_finance,0.57,0.435,0.0002690582959641256,historical,2019-12-27,2020-11-30,223,2020-11-30,2019-06-12,110,False,0,0.0,,,0,,
2020-06-15,0.998,tencent_finance,0.563,0.435,0.0002690582959641256,historical,2019-12-27,2020-11-30,223,2020-11-30,2019-06-15,111,False,0,0.0,,,0,,
2020-06-16,1.016,tencent_finance,0.581,0.435,0.0002690582959641256,historical,2019-12-27,2020-11-30,223,2020-11-30,2019-06-16,112,False,0,0.0,,,0,,
2020-06-17,1.017,tencent_finance,0.582,0.435,0.0002690582959641256,historical,2019-12-27,2020-11-30,223,2020-11-30,2019-06-17,113,False,0,0.0,,,0,,
2020-06-18,1.028,tencent_finance,0.593,0.435,0.0002690582959641256,historical,2019-12-27,2020-11-30,223,2020-11-30,2019-06-18,114,False,0,0.0,,,0,,
2020-06-19,1.03,tencent_finance,0.595,0.435,0.0002690582959641256,historical,2019-12-27,2020-11-30,223,2020-11-30,2019-06-19,115,False,0,0.0,,,0,,
2020-06-22,1.026,tencent_finance,0.591,0.435,0.0002690582959641256,historical,2019-12-27,2020-11-30,223,2020-11-30,2019-06-22,116,False,0,0.0,,,0,,
2020-06-23,1.028,tencent_finance,0.593,0.435,0.0002690582959641256,historical,2019-12-27,2020-11-30,223,2020-11-30,2019-06-23,117,False,0,0.0,,,0,,
2020-06-24,1.031,tencent_finance,0.596,0.435,0.0002690582959641256,historical,2019-12-27,2020-11-30,223,2020-11-30,2019-06-24,118,False,0,0.0,,,0,,
2020-06-29,1.025,tencent_finance,0.59,0.435,0.0002690582959641256,historical,2019-12-27,2020-11-30,223,2020-11-30,2019-06-29,119,False,0,0.0,,,0,,
2020-06-30,1.035,tencent_finance,0.6,0.435,0.0002690582959641256,historical,2019-12-27,2020-11-30,223,2020-11-30,2019-06-30,120,False,0,0.0,,,0,,
2020-07-01,1.053,tencent_finance,0.618,0.435,0.0002690582959641256,historical,2019-12-27,2020-11-30,223,2020-11-30,2019-07-01,121,False,0,0.0,,,0,,
2020-07-02,1.076,tencent_finance,0.641,0.435,0.0002690582959641256,historical,2019-12-27,2020-11-30,223,2020-11-30,2019-07-02,122,False,0,0.0,,,0,,
2020-07-03,1.089,tencent_finance,0.654,0.435,0.0002690582959641256,historical,2019-12-27,2020-11-30,223,2020-11-30,2019-07-03,123,False,0,0.0,,,0,,
2020-07-06,1.154,tencent_finance,0.719,0.435,0.0002690582959641256,historical,2019-12-27,2020-11-30,223,2020-11-30,2019-07-06,124,False,0,0.0,,,0,,
2020-07-07,1.141,tencent_finance,0.706,0.435,0.0002690582959641256,historical,2019-12-27,2020-11-30,223,2020-11-30,2019-07-07,125,False,0,0.0,,,0,,
2020-07-08,1.159,tencent_finance,0.724,0.435,0.0002690582959641256,historical,2019-12-27,2020-11-30,223,2020-11-30,2019-07-08,126,False,0,0.0,,,0,,
2020-07-09,1.173,tencent_finance,0.738,0.435,0.0002690582959641256,historical,2019-12-27,2020-11-30,223,2020-11-30,2019-07-09,127,False,0,0.0,,,0,,
2020-07-10,1.152,tencent_finance,0.717,0.435,0.0002690582959641256,historical,2019-12-27,2020-11-30,223,2020-11-30,2019-07-10,128,False,0,0.0,,,0,,
2020-07-13,1.188,tencent_finance,0.753,0.435,0.0002690582959641256,historical,2019-12-27,2020-11-30,223,2020-11-30,2019-07-13,129,False,0,0.0,,,0,,
2020-07-14,1.184,tencent_finance,0.749,0.435,0.0002690582959641256,historical,2019-12-27,2020-11-30,223,2020-11-30,2019-07-14,130,False,0,0.0,,,0,,
2020-07-15,1.17,tencent_finance,0.735,0.435,0.0002690582959641256,historical,2019-12-27,2020-11-30,223,2020-11-30,2019-07-15,131,False,0,0.0,,,0,,
2020-07-16,1.142,tencent_finance,0.707,0.435,0.0002690582959641256,historical,2019-12-27,2020-11-30,223,2020-11-30,2019-07-16,132,False,0,0.0,,,0,,
2020-07-17,1.157,tencent_finance,0.722,0.435,0.0002690582959641256,historical,2019-12-27,2020-11-30,223,2020-11-30,2019-07-17,133,False,0,0.0,,,0,,
2020-07-20,1.21,tencent_finance,0.775,0.435,0.0002690582959641256,historical,2019-12-27,2020-11-30,223,2020-11-30,2019-07-20,134,False,0,0.0,,,0,,
2020-07-21,1.213,tencent_finance,0.778,0.435,0.0002690582959641256,historical,2019-12-27,2020-11-30,223,2020-11-30,2019-07-21,135,False,0,0.0,,,0,,
2020-07-22,1.211,tencent_finance,0.776,0.435,0.0002690582959641256,historical,2019-12-27,2020-11-30,223,2020-11-30,2019-07-22,136,False,0,0.0,,,0,,
2020-07-23,1.2,tencent_finance,0.765,0.435,0.0002690582959641256,historical,2019-12-27,2020-11-30,223,2020-11-30,2019-07-23,137,False,0,0.0,,,0,,
2020-07-24,1.157,tencent_finance,0.722,0.435,0.0002690582959641256,historical,2019-12-27,2020-11-30,223,2020-11-30,2019-07-24,138,False,0,0.0,,,0,,
2020-07-27,1.155,tencent_finance,0.72,0.435,0.0002690582959641256,historical,2019-12-27,2020-11-30,223,2020-11-30,2019-07-27,139,False,0,0.0,,,0,,
2020-07-28,1.163,tencent_finance,0.728,0.435,0.0002690582959641256,historical,2019-12-27,2020-11-30,223,2020-11-30,2019-07-28,140,False,0,0.0,,,0,,
2020-07-29,1.183,tencent_finance,0.748,0.435,0.0002690582959641256,historical,2019-12-27,2020-11-30,223,2020-11-30,2019-07-29,141,False,0,0.0,,,0,,
2020-07-30,1.181,tencent_finance,0.746,0.435,0.0002690582959641256,historical,2019-12-27,2020-11-30,223,2020-11-30,2019-07-30,142,False,0,0.0,,,0,,
2020-07-31,1.194,tencent_finance,0.759,0.435,0.0002690582959641256,historical,2019-12-27,2020-11-30,223,2020-11-30,2019-07-31,143,False,0,0.0,,,0,,
2020-08-03,1.216,tencent_finance,0.781,0.435,0.0002690582959641256,historical,2019-12-27,2020-11-30,223,2020-11-30,2019-08-03,144,False,0,0.0,,,0,,
2020-08-04,1.221,tencent_finance,0.786,0.435,0.0002690582959641256,historical,2019-12-27,2020-11-30,223,2020-11-30,2019-08-04,145,False,0,0.0,,,0,,
2020-08-05,1.22,tencent_finance,0.785,0.435,0.0002690582959641256,historical,2019-12-27,2020-11-30,223,2020-11-30,2019-08-05,146,False,0,0.0,,,0,,
2020-08-06,1.222,tencent_finance,0.787,0.435,0.0002690582959641256,historical,2019-12-27,2020-11-30,223,2020-11-30,2019-08-06,147,False,0,0.0,,,0,,
2020-08-07,1.217,tencent_finance,0.782,0.435,0.0002690582959641256,historical,2019-12-27,2020-11-30,223,2020-11-30,2019-08-07,148,False,0,0.0,,,0,,
2020-08-10,1.234,tencent_finance,0.799,0.435,0.0002690582959641256,historical,2019-12-27,2020-11-30,223,2020-11-30,2019-08-10,149,False,0,0.0,,,0,,
2020-08-11,1.223,tencent_finance,0.788,0.435,0.0002690582959641256,historical,2019-12-27,2020-11-30,223,2020-11-30,2019-08-11,150,False,0,0.0,,,0,,
2020-08-12,1.22,tencent_finance,0.785,0.435,0.0002690582959641256,historical,2019-12-27,2020-11-30,223,2020-11-30,2019-08-12,151,False,0,0.0,,,0,,
2020-08-13,1.222,tencent_finance,0.787,0.435,0.0002690582959641256,historical,2019-12-27,2020-11-30,223,2020-11-30,2019-08-13,152,False,0,0.0,,,0,,
2020-08-14,1.232,tencent_finance,0.797,0.435,0.0002690582959641256,historical,2019-12-27,2020-11-30,223,2020-11-30,2019-08-14,153,False,0,0.0,,,0,,
2020-08-17,1.257,tencent_finance,0.822,0.435,0.0002690582959641256,historical,2019-12-27,2020-11-30,223,2020-11-30,2019-08-17,154,False,0,0.0,,,0,,
2020-08-18,1.26,tencent_finance,0.825,0.435,0.0002690582959641256,historical,2019-12-27,2020-11-30,223,2020-11-30,2019-08-18,155,False,0,0.0,,,0,,
2020-08-19,1.259,tencent_finance,0.824,0.435,0.0002690582959641256,historical,2019-12-27,2020-11-30,223,2020-11-30,2019-08-19,156,False,0,0.0,,,0,,
2020-08-20,1.239,tencent_finance,0.804,0.435,0.0002690582959641256,historical,2019-12-27,2020-11-30,223,2020-11-30,2019-08-20,157,False,0,0.0,,,0,,
2020-08-21,1.239,tencent_finance,0.804,0.435,0.0002690582959641256,historical,2019-12-27,2020-11-30,223,2020-11-30,2019-08-21,158,False,0,0.0,,,0,,
2020-08-24,1.249,tencent_finance,0.814,0.435,0.0002690582959641256,historical,2019-12-27,2020-11-30,223,2020-11-30,2019-08-24,159,False,0,0.0,,,0,,
2020-08-25,1.246,tencent_finance,0.811,0.435,0.0002690582959641256,historical,2019-12-27,2020-11-30,223,2020-11-30,2019-08-25,160,False,0,0.0,,,0,,
2020-08-26,1.23,tencent_finance,0.795,0.435,0.0002690582959641256,historical,2019-12-27,2020-11-30,223,2020-11-30,2019-08-26,161,False,0,0.0,,,0,,
2020-08-27,1.234,tencent_finance,0.799,0.435,0.0002690582959641256,historical,2019-12-27,2020-11-30,223,2020-11-30,2019-08-27,162,False,0,0.0,,,0,,
2020-08-28,1.258,tencent_finance,0.823,0.435,0.0002690582959641256,historical,2019-12-27,2020-11-30,223,2020-11-30,2019-08-28,163,False,0,0.0,,,0,,
2020-08-31,1.253,tencent_finance,0.818,0.435,0.0002690582959641256,historical,2019-12-27,2020-11-30,223,2020-11-30,2019-08-31,164,False,0,0.0,,,0,,
2020-09-01,1.255,tencent_finance,0.82,0.435,0.0002690582959641256,historical,2019-12-27,2020-11-30,223,2020-11-30,2019-09-01,165,False,0,0.0,,,0,,
2020-09-02,1.258,tencent_finance,0.823,0.435,0.0002690582959641256,historical,2019-12-27,2020-11-30,223,2020-11-30,2019-09-02,166,False,0,0.0,,,0,,
2020-09-03,1.256,tencent_finance,0.821,0.435,0.0002690582959641256,historical,2019-12-27,2020-11-30,223,2020-11-30,2019-09-03,167,False,0,0.0,,,0,,
2020-09-04,1.253,tencent_finance,0.818,0.435,0.0002690582959641256,historical,2019-12-27,2020-11-30,223,2020-11-30,2019-09-04,168,False,0,0.0,,,0,,
2020-09-07,1.239,tencent_finance,0.804,0.435,0.0002690582959641256,historical,2019-12-27,2020-11-30,223,2020-11-30,2019-09-07,169,False,0,0.0,,,0,,
2020-09-08,1.247,tencent_finance,0.812,0.435,0.0002690582959641256,historical,2019-12-27,2020-11-30,223,2020-11-30,2019-09-08,170,False,0,0.0,,,0,,
2020-09-09,1.228,tencent_finance,0.793,0.435,0.0002690582959641256,historical,2019-12-27,2020-11-30,223,2020-11-30,2019-09-09,171,False,0,0.0,,,0,,
2020-09-10,1.216,tencent_finance,0.781,0.435,0.0002690582959641256,historical,2019-12-27,2020-11-30,223,2020-11-30,2019-09-10,172,False,0,0.0,,,0,,
2020-09-11,1.222,tencent_finance,0.787,0.435,0.0002690582959641256,historical,2019-12-27,2020-11-30,223,2020-11-30,2019-09-11,173,False,0,0.0,,,0,,
2020-09-14,1.228,tencent_finance,0.793,0.435,0.0002690582959641256,historical,2019-12-27,2020-11-30,223,2020-11-30,2019-09-14,174,False,0,0.0,,,0,,
2020-09-15,1.233,tencent_finance,0.798,0.435,0.0002690582959641256,historical,2019-12-27,2020-11-30,223,2020-11-30,2019-09-15,175,False,0,0.0,,,0,,
2020-09-16,1.234,tencent_finance,0.799,0.435,0.0002690582959641256,historical,2019-12-27,2020-11-30,223,2020-11-30,2019-09-16,176,False,0,0.0,,,0,,
2020-09-17,1.241,tencent_finance,0.806,0.435,0.0002690582959641256,historical,2019-12-27,2020-11-30,223,2020-11-30,2019-09-17,177,False,0,0.0,,,0,,
2020-09-18,1.262,tencent_finance,0.827,0.435,0.0002690582959641256,historical,2019-12-27,2020-11-30,223,2020-11-30,2019-09-18,178,False,0,0.0,,,0,,
2020-09-21,1.254,tencent_finance,0.819,0.435,0.0002690582959641256,historical,2019-12-27,2020-11-30,223,2020-11-30,2019-09-21,179,False,0,0.0,,,0,,
2020-09-22,1.238,tencent_finance,0.803,0.435,0.0002690582959641256,historical,2019-12-27,2020-11-30,223,2020-11-30,2019-09-22,180,False,0,0.0,,,0,,
2020-09-23,1.239,tencent_finance,0.804,0.435,0.0002690582959641256,historical,2019-12-27,2020-11-30,223,2020-11-30,2019-09-23,181,False,0,0.0,,,0,,
2020-09-24,1.219,tencent_finance,0.784,0.435,0.0002690582959641256,historical,2019-12-27,2020-11-30,223,2020-11-30,2019-09-24,182,False,0,0.0,,,0,,
2020-09-25,1.212,tencent_finance,0.777,0.435,0.0002690582959641256,historical,2019-12-27,2020-11-30,223,2020-11-30,2019-09-25,183,False,0,0.0,,,0,,
2020-09-28,1.211,tencent_finance,0.776,0.435,0.0002690582959641256,historical,2019-12-27,2020-11-30,223,2020-11-30,2019-09-28,184,False,0,0.0,,,0,,
2020-09-29,1.215,tencent_finance,0.78,0.435,0.0002690582959641256,historical,2019-12-27,2020-11-30,223,2020-11-30,2019-09-29,185,False,0,0.0,,,0,,
2020-09-30,1.209,tencent_finance,0.774,0.435,0.0002690582959641256,historical,2019-12-27,2020-11-30,223,2020-11-30,2019-09-30,186,False,0,0.0,,,0,,
2020-10-09,1.237,tencent_finance,0.802,0.435,0.0002690582959641256,historical,2019-12-27,2020-11-30,223,2020-11-30,2019-10-09,187,False,0,0.0,,,0,,
2020-10-12,1.267,tencent_finance,0.832,0.435,0.0002690582959641256,historical,2019-12-27,2020-11-30,223,2020-11-30,2019-10-12,188,False,0,0.0,,,0,,
2020-10-13,1.27,tencent_finance,0.835,0.435,0.0002690582959641256,historical,2019-12-27,2020-11-30,223,2020-11-30,2019-10-13,189,False,0,0.0,,,0,,
2020-10-14,1.27,tencent_finance,0.835,0.435,0.0002690582959641256,historical,2019-12-27,2020-11-30,223,2020-11-30,2019-10-14,190,False,0,0.0,,,0,,
2020-10-15,1.267,tencent_finance,0.832,0.435,0.0002690582959641256,historical,2019-12-27,2020-11-30,223,2020-11-30,2019-10-15,191,False,0,0.0,,,0,,
2020-10-16,1.271,tencent_finance,0.836,0.435,0.0002690582959641256,historical,2019-12-27,2020-11-30,223,2020-11-30,2019-10-16,192,False,0,0.0,,,0,,
2020-10-19,1.264,tencent_finance,0.829,0.435,0.0002690582959641256,historical,2019-12-27,2020-11-30,223,2020-11-30,2019-10-19,193,False,0,0.0,,,0,,
2020-10-20,1.264,tencent_finance,0.829,0.435,0.0002690582959641256,historical,2019-12-27,2020-11-30,223,2020-11-30,2019-10-20,194,False,0,0.0,,,0,,
2020-10-21,1.261,tencent_finance,0.826,0.435,0.0002690582959641256,historical,2019-12-27,2020-11-30,223,2020-11-30,2019-10-21,195,False,0,0.0,,,0,,
2020-10-22,1.251,tencent_finance,0.816,0.435,0.0002690582959641256,historical,2019-12-27,2020-11-30,223,2020-11-30,2019-10-22,196,False,0,0.0,,,0,,
2020-10-23,1.244,tencent_finance,0.809,0.435,0.0002690582959641256,historical,2019-12-27,2020-11-30,223,2020-11-30,2019-10-23,197,False,0,0.0,,,0,,
2020-10-26,1.244,tencent_finance,0.809,0.435,0.0002690582959641256,historical,2019-12-27,2020-11-30,223,2020-11-30,2019-10-26,198,False,0,0.0,,,0,,
2020-10-27,1.241,tencent_finance,0.806,0.435,0.0002690582959641256,historical,2019-12-27,2020-11-30,223,2020-11-30,2019-10-27,199,False,0,0.0,,,0,,
2020-10-28,1.242,tencent_finance,0.807,0.435,0.0002690582959641256,historical,2019-12-27,2020-11-30,223,2020-11-30,2019-10-28,200,False,0,0.0,,,0,,
2020-10-29,1.251,tencent_finance,0.816,0.435,0.0002690582959641256,historical,2019-12-27,2020-11-30,223,2020-11-30,2019-10-29,201,False,0,0.0,,,0,,
2020-10-30,1.236,tencent_finance,0.801,0.435,0.0002690582959641256,historical,2019-12-27,2020-11-30,223,2020-11-30,2019-10-30,202,False,0,0.0,,,0,,
2020-11-02,1.245,tencent_finance,0.81,0.435,0.0002690582959641256,historical,2019-12-27,2020-11-30,223,2020-11-30,2019-11-02,203,False,0,0.0,,,0,,
2020-11-03,1.261,tencent_finance,0.826,0.435,0.0002690582959641256,historical,2019-12-27,2020-11-30,223,2020-11-30,2019-11-03,204,False,0,0.0,,,0,,
2020-11-04,1.268,tencent_finance,0.833,0.435,0.0002690582959641256,historical,2019-12-27,2020-11-30,223,2020-11-30,2019-11-04,205,False,0,0.0,,,0,,
2020-11-05,1.288,tencent_finance,0.853,0.435,0.0002690582959641256,historical,2019-12-27,2020-11-30,223,2020-11-30,2019-11-05,206,False,0,0.0,,,0,,
2020-11-06,1.292,tencent_finance,0.857,0.435,0.0002690582959641256,historical,2019-12-27,2020-11-30,223,2020-11-30,2019-11-06,207,False,0,0.0,,,0,,
2020-11-09,1.315,tencent_finance,0.88,0.435,0.0002690582959641256,historical,2019-12-27,2020-11-30,223,2020-11-30,2019-11-09,208,False,0,0.0,,,0,,
2020-11-10,1.309,tencent_finance,0.874,0.435,0.0002690582959641256,historical,2019-12-27,2020-11-30,223,2020-11-30,2019-11-10,209,False,0,0.0,,,0,,
2020-11-11,1.317,tencent_finance,0.882,0.435,0.0002690582959641256,historical,2019-12-27,2020-11-30,223,2020-11-30,2019-11-11,210,False,0,0.0,,,0,,
2020-11-12,1.324,tencent_finance,0.889,0.435,0.0002690582959641256,historical,2019-12-27,2020-11-30,223,2020-11-30,2019-11-12,211,False,0,0.0,,,0,,
2020-11-13,1.317,tencent_finance,0.882,0.435,0.0002690582959641256,historical,2019-12-27,2020-11-30,223,2020-11-30,2019-11-13,212,False,0,0.0,,,0,,
2020-11-16,1.344,tencent_finance,0.909,0.435,0.0002690582959641256,historical,2019-12-27,2020-11-30,223,2020-11-30,2019-11-16,213,False,0,0.0,,,0,,
2020-11-17,1.355,tencent_finance,0.92,0.435,0.0002690582959641256,historical,2019-12-27,2020-11-30,223,2020-11-30,2019-11-17,214,False,0,0.0,,,0,,
2020-11-18,1.359,tencent_finance,0.924,0.435,0.0002690582959641256,historical,2019-12-27,2020-11-30,223,2020-11-30,2019-11-18,215,False,0,0.0,,,0,,
2020-11-19,1.355,tencent_finance,0.92,0.435,0.0002690582959641256,historical,2019-12-27,2020-11-30,223,2020-11-30,2019-11-19,216,False,0,0.0,,,0,,
2020-11-20,1.362,tencent_finance,0.927,0.435,0.0002690582959641256,historical,2019-12-27,2020-11-30,223,2020-11-30,2019-11-20,217,False,0,0.0,,,0,,
2020-11-23,1.383,tencent_finance,0.948,0.435,0.0002690582959641256,historical,2019-12-27,2020-11-30,223,2020-11-30,2019-11-23,218,False,0,0.0,,,0,,
2020-11-24,1.377,tencent_finance,0.942,0.435,0.0002690582959641256,historical,2019-12-27,2020-11-30,223,2020-11-30,2019-11-24,219,False,0,0.0,,,0,,
2020-11-25,1.362,tencent_finance,0.927,0.435,0.0002690582959641256,historical,2019-12-27,2020-11-30,223,2020-11-30,2019-11-25,220,False,0,0.0,,,0,,
2020-11-26,1.354,tencent_finance,0.919,0.435,0.0002690582959641256,historical,2019-12-27,2020-11-30,223,2020-11-30,2019-11-26,221,False,0,0.0,,,0,,
2020-11-27,1.362,tencent_finance,0.927,0.435,0.0002690582959641256,historical,2019-12-27,2020-11-30,223,2020-11-30,2019-11-27,222,False,0,0.0,,,0,,
2020-11-30,1.289,tencent_finance,0.914,0.375,0.0002690582959641256,historical,2019-12-27,2020-11-30,223,2020-11-30,2019-11-30,223,False,0,0.0,,,1,0.06,4.654771140418929
2020-12-01,1.302,tencent_finance,0.927,0.375,0.0002255639097744361,historical,2020-12-01,2021-06-18,133,2021-06-18,2019-12-01,224,False,0,0.0,,,1,0.06,4.608294930875576
2020-12-02,1.308,tencent_finance,0.933,0.375,0.0002255639097744361,historical,2020-12-01,2021-06-18,133,2021-06-18,2019-12-02,225,False,0,0.0,,,1,0.06,4.587155963302751
2020-12-03,1.3,tencent_finance,0.925,0.375,0.0002255639097744361,historical,2020-12-01,2021-06-18,133,2021-06-18,2019-12-03,226,False,0,0.0,,,1,0.06,4.615384615384615
2020-12-04,1.296,tencent_finance,0.921,0.375,0.0002255639097744361,historical,2020-12-01,2021-06-18,133,2021-06-18,2019-12-04,227,False,0,0.0,,,1,0.06,4.62962962962963
2020-12-07,1.284,tencent_finance,0.909,0.375,0.0002255639097744361,historical,2020-12-01,2021-06-18,133,2021-06-18,2019-12-07,228,False,0,0.0,,,1,0.06,4.672897196261682
2020-12-08,1.281,tencent_finance,0.906,0.375,0.0002255639097744361,historical,2020-12-01,2021-06-18,133,2021-06-18,2019-12-08,229,False,0,0.0,,,1,0.06,4.683840749414521
2020-12-09,1.265,tencent_finance,0.89,0.375,0.0002255639097744361,historical,2020-12-01,2021-06-18,133,2021-06-18,2019-12-09,230,False,0,0.0,,,1,0.06,4.743083003952569
2020-12-10,1.267,tencent_finance,0.892,0.375,0.0002255639097744361,historical,2020-12-01,2021-06-18,133,2021-06-18,2019-12-10,231,False,0,0.0,,,1,0.06,4.73559589581689
2020-12-11,1.252,tencent_finance,0.877,0.375,0.0002255639097744361,historical,2020-12-01,2021-06-18,133,2021-06-18,2019-12-11,232,False,0,0.0,,,1,0.06,4.792332268370607
2020-12-14,1.254,tencent_finance,0.879,0.375,0.0002255639097744361,historical,2020-12-01,2021-06-18,133,2021-06-18,2019-12-14,233,False,0,0.0,,,1,0.06,4.784688995215311
2020-12-15,1.247,tencent_finance,0.872,0.375,0.0002255639097744361,historical,2020-12-01,2021-06-18,133,2021-06-18,2019-12-15,234,False,0,0.0,,,1,0.06,4.811547714514835
2020-12-16,1.242,tencent_finance,0.867,0.375,0.0002255639097744361,historical,2020-12-01,2021-06-18,133,2021-06-18,2019-12-16,235,False,0,0.0,,,1,0.06,4.830917874396135
2020-12-17,1.258,tencent_finance,0.883,0.375,0.0002255639097744361,historical,2020-12-01,2021-06-18,133,2021-06-18,2019-12-17,236,False,0,0.0,,,1,0.06,4.769475357710651
2020-12-18,1.262,tencent_finance,0.887,0.375,0.0002255639097744361,historical,2020-12-01,2021-06-18,133,2021-06-18,2019-12-18,237,False,0,0.0,,,1,0.06,4.754358161648177
2020-12-21,1.265,tencent_finance,0.89,0.375,0.0002255639097744361,historical,2020-12-01,2021-06-18,133,2021-06-18,2019-12-21,238,False,0,0.0,,,1,0.06,4.743083003952569
2020-12-22,1.239,tencent_finance,0.864,0.375,0.0002255639097744361,historical,2020-12-01,2021-06-18,133,2021-06-18,2019-12-22,239,False,0,0.0,,,1,0.06,4.8426150121065366
2020-12-23,1.239,tencent_finance,0.864,0.375,0.0002255639097744361,historical,2020-12-01,2021-06-18,133,2021-06-18,2019-12-23,240,False,0,0.0,,,1,0.06,4.8426150121065366
2020-12-24,1.228,tencent_finance,0.853,0.375,0.0002255639097744361,historical,2020-12-01,2021-06-18,133,2021-06-18,2019-12-24,241,False,0,0.0,,,1,0.06,4.88599348534202
2020-12-25,1.238,tencent_finance,0.863,0.375,0.0002255639097744361,historical,2020-12-01,2021-06-18,133,2021-06-18,2019-12-25,242,False,0,0.0,,,1,0.06,4.846526655896607
2020-12-28,1.229,tencent_finance,0.854,0.375,0.0002255639097744361,historical,2020-12-01,2021-06-18,133,2021-06-18,2019-12-28,242,True,0,0.0,0.0642422199,5.227194458909682,1,0.06,4.882017900732302
2020-12-29,1.218,tencent_finance,0.843,0.375,0.0002255639097744361,historical,2020-12-01,2021-06-18,133,2021-06-18,2019-12-29,243,True,0,0.0,0.064467783809,5.29292149499179,1,0.06,4.926108374384237
2020-12-30,1.222,tencent_finance,0.847,0.375,0.0002255639097744361,historical,2020-12-01,2021-06-18,133,2021-06-18,2019-12-30,243,True,0,0.0,0.064424289423,5.272036777659575,1,0.06,4.909983633387888
2020-12-31,1.232,tencent_finance,0.857,0.375,0.0002255639097744361,historical,2020-12-01,2021-06-18,133,2021-06-18,2019-12-31,243,True,0,0.0,0.064380795037,5.225713882873377,1,0.06,4.87012987012987
2021-01-04,1.24,tencent_finance,0.865,0.375,0.0002255639097744361,historical,2020-12-01,2021-06-18,133,2021-06-18,2020-01-04,242,True,0,0.0,0.064068242355,5.166793738306452,1,0.06,4.838709677419355
2021-01-05,1.242,tencent_finance,0.867,0.375,0.0002255639097744361,historical,2020-12-01,2021-06-18,133,2021-06-18,2020-01-05,243,True,0,0.0,0.064293806265,5.176634964975846,1,0.06,4.830917874396135
2021-01-06,1.247,tencent_finance,0.872,0.375,0.0002255639097744361,historical,2020-12-01,2021-06-18,133,2021-06-18,2020-01-06,243,True,0,0.0,0.064250311878,5.152390687890938,1,0.06,4.811547714514835
2021-01-07,1.237,tencent_finance,0.862,0.375,0.0002255639097744361,historical,2020-12-01,2021-06-18,133,2021-06-18,2020-01-07,243,True,0,0.0,0.064206817492,5.190526878900565,1,0.06,4.8504446240905414
2021-01-08,1.243,tencent_finance,0.868,0.375,0.0002255639097744361,historical,2020-12-01,2021-06-18,133,2021-06-18,2020-01-08,243,True,0,0.0,0.064163323106,5.161972896701528,1,0.06,4.827031375703942
2021-01-11,1.231,tencent_finance,0.856,0.375,0.0002255639097744361,historical,2020-12-01,2021-06-18,133,2021-06-18,2020-01-11,242,True,0,0.0,0.063850770424,5.186902552721365,1,0.06,4.874086108854589
2021-01-12,1.237,tencent_finance,0.862,0.375,0.0002255639097744361,historical,2020-12-01,2021-06-18,133,2021-06-18,2020-01-12,243,True,0,0.0,0.064076334334,5.1799785233629745,1,0.06,4.8504446240905414
2021-01-13,1.237,tencent_finance,0.862,0.375,0.0002255639097744361,historical,2020-12-01,2021-06-18,133,2021-06-18,2020-01-13,243,True,0,0.0,0.064032839947,5.1764624047696035,1,0.06,4.8504446240905414
2021-01-14,1.233,tencent_finance,0.858,0.375,0.0002255639097744361,historical,2020-12-01,2021-06-18,133,2021-06-18,2020-01-14,243,True,0,0.0,0.063989345561,5.189727944931062,1,0.06,4.8661800486618
2021-01-15,1.24,tencent_finance,0.865,0.375,0.0002255639097744361,historical,2020-12-01,2021-06-18,133,2021-06-18,2020-01-15,243,True,0,0.0,0.063945851175,5.156923481854839,1,0.06,4.838709677419355
2021-01-18,1.249,tencent_finance,0.874,0.375,0.0002255639097744361,historical,2020-12-01,2021-06-18,133,2021-06-18,2020-01-18,242,True,0,0.0,0.063633298493,5.094739671176941,1,0.06,4.803843074459567
2021-01-19,1.26,tencent_finance,0.885,0.375,0.0002255639097744361,historical,2020-12-01,2021-06-18,133,2021-06-18,2020-01-19,243,True,0,0.0,0.063858862403,5.068163682777778,1,0.06,4.761904761904762
2021-01-20,1.256,tencent_finance,0.881,0.375,0.0002255639097744361,historical,2020-12-01,2021-06-18,133,2021-06-18,2020-01-20,243,True,0,0.0,0.063815368016,5.0808414025477715,1,0.06,4.777070063694267
2021-01-21,1.26,tencent_finance,0.885,0.375,0.0002255639097744361,historical,2020-12-01,2021-06-18,133,2021-06-18,2020-01-21,243,True,0,0.0,0.06377187363,5.061259811904762,1,0.06,4.761904761904762
2021-01-22,1.247,tencent_finance,0.872,0.375,0.0002255639097744361,historical,2020-12-01,2021-06-18,133,2021-06-18,2020-01-22,243,True,0,0.0,0.063728379244,5.110535625020048,1,0.06,4.811547714514835
2021-01-25,1.229,tencent_finance,0.854,0.375,0.0002255639097744361,historical,2020-12-01,2021-06-18,133,2021-06-18,2020-01-25,243,True,0,0.0,0.063684884858,5.181845798047193,1,0.06,4.882017900732302
2021-01-26,1.223,tencent_finance,0.848,0.375,0.0002255639097744361,historical,2020-12-01,2021-06-18,133,2021-06-18,2020-01-26,244,True,0,0.0,0.063910448768,5.22571126475879,1,0.06,4.90596892886345
2021-01-27,1.227,tencent_finance,0.852,0.375,0.0002255639097744361,historical,2020-12-01,2021-06-18,133,2021-06-18,2020-01-27,245,True,0,0.0,0.064136012677,5.22705889788101,1,0.06,4.889975550122249
2021-01-28,1.207,tencent_finance,0.832,0.375,0.0002255639097744361,historical,2020-12-01,2021-06-18,133,2021-06-18,2020-01-28,246,True,0,0.0,0.064361576587,5.332359286412593,1,0.06,4.971002485501242
2021-01-29,1.202,tencent_finance,0.827,0.375,0.0002255639097744361,historical,2020-12-01,2021-06-18,133,2021-06-18,2020-01-29,247,True,0,0.0,0.064587140497,5.3733061977537435,1,0.06,4.9916805324459235
2021-02-01,1.211,tencent_finance,0.836,0.375,0.0002255639097744361,historical,2020-12-01,2021-06-18,133,2021-06-18,2020-02-01,248,True,0,0.0,0.064812704407,5.351998712386457,1,0.06,4.954582989265069
2021-02-02,1.219,tencent_finance,0.844,0.375,0.0002255639097744361,historical,2020-12-01,2021-06-18,133,2021-06-18,2020-02-02,249,True,0,0.0,0.065038268317,5.335378861115669,1,0.06,4.922067268252666
2021-02-03,1.211,tencent_finance,0.836,0.375,0.0002255639097744361,historical,2020-12-01,2021-06-18,133,2021-06-18,2020-02-03,249,True,0,0.0,0.06499477393,5.367033355078448,1,0.06,4.954582989265069
2021-02-04,1.203,tencent_finance,0.828,0.375,0.0002255639097744361,historical,2020-12-01,2021-06-18,133,2021-06-18,2020-02-04,249,True,0,0.0,0.064951279544,5.399108856525353,1,0.06,4.987531172069825
2021-02-05,1.205,tencent_finance,0.83,0.375,0.0002255639097744361,historical,2020-12-01,2021-06-18,133,2021-06-18,2020-02-05,249,True,0,0.0,0.064907785158,5.3865381873858915,1,0.06,4.979253112033195
2021-02-08,1.215,tencent_finance,0.84,0.375,0.0002255639097744361,historical,2020-12-01,2021-06-18,133,2021-06-18,2020-02-08,248,True,0,0.0,0.064595232476,5.316480039176954,1,0.06,4.938271604938271
2021-02-09,1.23,tencent_finance,0.855,0.375,0.0002255639097744361,historical,2020-12-01,2021-06-18,133,2021-06-18,2020-02-09,249,True,0,0.0,0.064820796386,5.269983446016259,1,0.06,4.878048780487805
2021-02-10,1.24,tencent_finance,0.865,0.375,0.0002255639097744361,historical,2020-12-01,2021-06-18,133,2021-06-18,2020-02-10,249,True,0,0.0,0.064777301999,5.223975967661291,1,0.06,4.838709677419355
2021-02-18,1.272,tencent_finance,0.897,0.375,0.0002255639097744361,historical,2020-12-01,2021-06-18,133,2021-06-18,2020-02-18,244,True,0,0.0,0.063388516133,4.983373909827044,1,0.06,4.716981132075471
2021-02-19,1.296,tencent_finance,0.921,0.375,0.0002255639097744361,historical,2020-12-01,2021-06-18,133,2021-06-18,2020-02-19,244,True,0,0.0,0.063345021747,4.887733159490741,1,0.06,4.62962962962963
2021-02-22,1.31,tencent_finance,0.935,0.375,0.0002255639097744361,historical,2020-12-01,2021-06-18,133,2021-06-18,2020-02-22,243,True,0,0.0,0.063032469065,4.811638859923663,1,0.06,4.580152671755725
2021-02-23,1.298,tencent_finance,0.923,0.375,0.0002255639097744361,historical,2020-12-01,2021-06-18,133,2021-06-18,2020-02-23,244,True,0,0.0,0.063258032975,4.8735002291987675,1,0.06,4.622496147919876
2021-02-24,1.28,tencent_finance,0.905,0.375,0.0002255639097744361,historical,2020-12-01,2021-06-18,133,2021-06-18,2020-02-24,244,True,0,0.0,0.063214538589,4.938635827265625,1,0.06,4.6875
2021-02-25,1.301,tencent_finance,0.926,0.375,0.0002255639097744361,historical,2020-12-01,2021-06-18,133,2021-06-18,2020-02-25,244,True,0,0.0,0.063171044202,4.8555760339738665,1,0.06,4.611837048424289
2021-02-26,1.276,tencent_finance,0.901,0.375,0.0002255639097744361,historical,2020-12-01,2021-06-18,133,2021-06-18,2020-02-26,244,True,0,0.0,0.063127549816,4.947300142319748,1,0.06,4.70219435736677
2021-03-01,1.304,tencent_finance,0.929,0.375,0.0002255639097744361,historical,2020-12-01,2021-06-18,133,2021-06-18,2020-03-01,243,True,0,0.0,0.062814997134,4.817101007208589,1,0.06,4.601226993865031
2021-03-02,1.289,tencent_finance,0.914,0.375,0.0002255639097744361,historical,2020-12-01,2021-06-18,133,2021-06-18,2020-03-02,243,True,0,0.0,0.062771502748,4.869782990535299,1,0.06,4.654771140418929
2021-03-03,1.32,tencent_finance,0.945,0.375,0.0002255639097744361,historical,2020-12-01,2021-06-18,133,2021-06-18,2020-03-03,243,True,0,0.0,0.062728008362,4.7521218456060605,1,0.06,4.545454545454545
2021-03-04,1.312,tencent_finance,0.937,0.375,0.0002255639097744361,historical,2020-12-01,2021-06-18,133,2021-06-18,2020-03-04,243,True,0,0.0,0.062684513976,4.7777830774390235,1,0.06,4.573170731707317
2021-03-05,1.305,tencent_finance,0.93,0.375,0.0002255639097744361,historical,2020-12-01,2021-06-18,133,2021-06-18,2020-03-05,243,True,0,0.0,0.062641019589,4.800078129425287,1,0.06,4.597701149425287
2021-03-08,1.293,tencent_finance,0.918,0.375,0.0002255639097744361,historical,2020-12-01,2021-06-18,133,2021-06-18,2020-03-08,243,True,0,0.0,0.062597525203,4.8412625833720035,1,0.06,4.640371229698376
2021-03-09,1.284,tencent_finance,0.909,0.375,0.0002255639097744361,historical,2020-12-01,2021-06-18,133,2021-06-18,2020-03-09,243,True,0,0.0,0.062554030817,4.8718092536604365,1,0.06,4.672897196261682
2021-03-10,1.274,tencent_finance,0.899,0.375,0.0002255639097744361,historical,2020-12-01,2021-06-18,133,2021-06-18,2020-03-10,243,True,0,0.0,0.062510536431,4.906635512637363,1,0.06,4.7095761381475665
2021-03-11,1.305,tencent_finance,0.93,0.375,0.0002255639097744361,historical,2020-12-01,2021-06-18,133,2021-06-18,2020-03-11,243,True,0,0.0,0.062467042045,4.786746516858238,1,0.06,4.597701149425287
2021-03-12,1.315,tencent_finance,0.94,0.375,0.0002255639097744361,historical,2020-12-01,2021-06-18,133,2021-06-18,2020-03-12,243,True,0,0.0,0.062423547658,4.747037844714829,1,0.06,4.562737642585551
2021-03-15,1.321,tencent_finance,0.946,0.375,0.0002255639097744361,historical,2020-12-01,2021-06-18,133,2021-06-18,2020-03-15,243,True,0,0.0,0.062380053272,4.722184199242998,1,0.06,4.5420136260408785
2021-03-16,1.328,tencent_finance,0.953,0.375,0.0002255639097744361,historical,2020-12-01,2021-06-18,133,2021-06-18,2020-03-16,243,True,0,0.0,0.062336558886,4.694017988403614,1,0.06,4.518072289156626
2021-03-17,1.322,tencent_finance,0.947,0.375,0.0002255639097744361,historical,2020-12-01,2021-06-18,133,2021-06-18,2020-03-17,243,True,0,0.0,0.0622930645,4.712032110438729,1,0.06,4.53857791225416
2021-03-18,1.325,tencent_finance,0.95,0.375,0.0002255639097744361,historical,2020-12-01,2021-06-18,133,2021-06-18,2020-03-18,243,True,0,0.0,0.062249570114,4.698080763320755,1,0.06,4.528301886792453
2021-03-19,1.314,tencent_finance,0.939,0.375,0.0002255639097744361,historical,2020-12-01,2021-06-18,133,2021-06-18,2020-03-19,243,True,0,0.0,0.062206075727,4.734100131430745,1,0.06,4.5662100456621
2021-03-22,1.329,tencent_finance,0.954,0.375,0.0002255639097744361,historical,2020-12-01,2021-06-18,133,2021-06-18,2020-03-22,243,True,0,0.0,0.062162581341,4.67739513476298,1,0.06,4.514672686230249
2021-03-23,1.313,tencent_finance,0.938,0.375,0.0002255639097744361,historical,2020-12-01,2021-06-18,133,2021-06-18,2020-03-23,243,True,0,0.0,0.062119086955,4.731080499238385,1,0.06,4.56968773800457
2021-03-24,1.295,tencent_finance,0.92,0.375,0.0002255639097744361,historical,2020-12-01,2021-06-18,133,2021-06-18,2020-03-24,243,True,0,0.0,0.062075592569,4.793482051660232,1,0.06,4.633204633204633
2021-03-25,1.291,tencent_finance,0.916,0.375,0.0002255639097744361,historical,2020-12-01,2021-06-18,133,2021-06-18,2020-03-25,243,True,0,0.0,0.062032098183,4.804965002556158,1,0.06,4.647560030983733
2021-03-26,1.306,tencent_finance,0.931,0.375,0.0002255639097744361,historical,2020-12-01,2021-06-18,133,2021-06-18,2020-03-26,243,True,0,0.0,0.061988603796,4.746447457580398,1,0.06,4.59418070444104
2021-03-29,1.319,tencent_finance,0.944,0.375,0.0002255639097744361,historical,2020-12-01,2021-06-18,133,2021-06-18,2020-03-29,243,True,0,0.0,0.06194510941,4.696369174374526,1,0.06,4.548900682335103
2021-03-30,1.316,tencent_finance,0.941,0.375,0.0002255639097744361,historical,2020-12-01,2021-06-18,133,2021-06-18,2020-03-30,243,True,0,0.0,0.061901615024,4.703770138601823,1,0.06,4.5592705167173255
2021-03-31,1.314,tencent_finance,0.939,0.375,0.0002255639097744361,historical,2020-12-01,2021-06-18,133,2021-06-18,2020-03-31,243,True,0,0.0,0.061858120638,4.707619531050229,1,0.06,4.5662100456621
2021-04-01,1.325,tencent_finance,0.95,0.375,0.0002255639097744361,historical,2020-12-01,2021-06-18,133,2021-06-18,2020-04-01,243,True,0,0.0,0.061814626252,4.665254811471698,1,0.06,4.528301886792453
2021-04-02,1.314,tencent_finance,0.939,0.375,0.0002255639097744361,historical,2020-12-01,2021-06-18,133,2021-06-18,2020-04-02,243,True,0,0.0,0.061771131866,4.700999380974125,1,0.06,4.5662100456621
2021-04-06,1.325,tencent_finance,0.95,0.375,0.0002255639097744361,historical,2020-12-01,2021-06-18,133,2021-06-18,2020-04-06,243,True,0,0.0,0.061727637479,4.658689621056604,1,0.06,4.528301886792453
2021-04-07,1.332,tencent_finance,0.957,0.375,0.0002255639097744361,historical,2020-12-01,2021-06-18,133,2021-06-18,2020-04-07,243,True,0,0.0,0.061684143093,4.630941673648648,1,0.06,4.504504504504505
2021-04-08,1.331,tencent_finance,0.956,0.375,0.0002255639097744361,historical,2020-12-01,2021-06-18,133,2021-06-18,2020-04-08,243,True,0,0.0,0.061640648707,4.63115317107438,1,0.06,4.507888805409467
2021-04-09,1.334,tencent_finance,0.959,0.375,0.0002255639097744361,historical,2020-12-01,2021-06-18,133,2021-06-18,2020-04-09,243,True,0,0.0,0.061597154321,4.617477835157421,1,0.06,4.497751124437781
2021-04-12,1.337,tencent_finance,0.962,0.375,0.0002255639097744361,historical,2020-12-01,2021-06-18,133,2021-06-18,2020-04-12,243,True,0,0.0,0.061553659935,4.603863869483919,1,0.06,4.487658937920718
2021-04-13,1.318,tencent_finance,0.943,0.375,0.0002255639097744361,historical,2020-12-01,2021-06-18,133,2021-06-18,2020-04-13,243,True,0,0.0,0.061510165548,4.666932135660091,1,0.06,4.552352048558421
2021-04-14,1.328,tencent_finance,0.953,0.375,0.0002255639097744361,historical,2020-12-01,2021-06-18,133,2021-06-18,2020-04-14,243,True,0,0.0,0.061466671162,4.628514394728915,1,0.06,4.518072289156626
2021-04-15,1.328,tencent_finance,0.953,0.375,0.0002255639097744361,historical,2020-12-01,2021-06-18,133,2021-06-18,2020-04-15,243,True,0,0.0,0.061423176776,4.625239215060241,1,0.06,4.518072289156626
2021-04-16,1.346,tencent_finance,0.971,0.375,0.0002255639097744361,historical,2020-12-01,2021-06-18,133,2021-06-18,2020-04-16,243,True,0,0.0,0.06137968239,4.560154709509658,1,0.06,4.457652303120356
2021-04-19,1.355,tencent_finance,0.98,0.375,0.0002255639097744361,historical,2020-12-01,2021-06-18,133,2021-06-18,2020-04-19,243,True,0,0.0,0.061336188004,4.526655941254613,1,0.06,4.428044280442804
2021-04-20,1.355,tencent_finance,0.98,0.375,0.0002255639097744361,historical,2020-12-01,2021-06-18,133,2021-06-18,2020-04-20,243,True,0,0.0,0.061292693617,4.523446023394834,1,0.06,4.428044280442804
2021-04-21,1.352,tencent_finance,0.977,0.375,0.0002255639097744361,historical,2020-12-01,2021-06-18,133,2021-06-18,2020-04-21,243,True,0,0.0,0.061249199231,4.53026621531065,1,0.06,4.437869822485207
2021-04-22,1.359,tencent_finance,0.984,0.375,0.0002255639097744361,historical,2020-12-01,2021-06-18,133,2021-06-18,2020-04-22,243,True,0,0.0,0.061205704845,4.5037310408388525,1,0.06,4.415011037527593
2021-04-23,1.354,tencent_finance,0.979,0.375,0.0002255639097744361,historical,2020-12-01,2021-06-18,133,2021-06-18,2020-04-23,243,True,0,0.0,0.061162210459,4.517149960044313,1,0.06,4.431314623338257
2021-04-26,1.346,tencent_finance,0.971,0.375,0.0002255639097744361,historical,2020-12-01,2021-06-18,133,2021-06-18,2020-04-26,243,True,0,0.0,0.061118716073,4.5407664244427925,1,0.06,4.457652303120356
2021-04-27,1.346,tencent_finance,0.971,0.375,0.0002255639097744361,historical,2020-12-01,2021-06-18,133,2021-06-18,2020-04-27,243,True,0,0.0,0.061075221687,4.537535043610698,1,0.06,4.457652303120356
2021-04-28,1.352,tencent_finance,0.977,0.375,0.0002255639097744361,historical,2020-12-01,2021-06-18,133,2021-06-18,2020-04-28,243,True,0,0.0,0.0610317273,4.514181013313609,1,0.06,4.437869822485207
2021-04-29,1.364,tencent_finance,0.989,0.375,0.0002255639097744361,historical,2020-12-01,2021-06-18,133,2021-06-18,2020-04-29,243,True,0,0.0,0.060988232914,4.4712780728739,1,0.06,4.39882697947214
2021-04-30,1.359,tencent_finance,0.984,0.375,0.0002255639097744361,historical,2020-12-01,2021-06-18,133,2021-06-18,2020-04-30,243,True,0,0.0,0.060944738528,4.48452822133922,1,0.06,4.415011037527593
2021-05-06,1.377,tencent_finance,1.002,0.375,0.0002255639097744361,historical,2020-12-01,2021-06-18,133,2021-06-18,2020-05-06,243,True,0,0.0,0.060901244142,4.422748303703703,1,0.06,4.357298474945534
2021-05-07,1.382,tencent_finance,1.007,0.375,0.0002255639097744361,historical,2020-12-01,2021-06-18,133,2021-06-18,2020-05-07,243,True,0,0.0,0.060857749756,4.403599837626628,1,0.06,4.341534008683069
2021-05-10,1.392,tencent_finance,1.017,0.375,0.0002255639097744361,historical,2020-12-01,2021-06-18,133,2021-06-18,2020-05-10,243,True,0,0.0,0.060814255369,4.368840184554598,1,0.06,4.310344827586207
2021-05-11,1.38,tencent_finance,1.005,0.375,0.0002255639097744361,historical,2020-12-01,2021-06-18,133,2021-06-18,2020-05-11,243,True,0,0.0,0.060770760983,4.40367833210145,1,0.06,4.3478260869565215
2021-05-12,1.392,tencent_finance,1.017,0.375,0.0002255639097744361,historical,2020-12-01,2021-06-18,133,2021-06-18,2020-05-12,243,True,0,0.0,0.060727266597,4.362590991163794,1,0.06,4.310344827586207
2021-05-13,1.379,tencent_finance,1.004,0.375,0.0002255639097744361,historical,2020-12-01,2021-06-18,133,2021-06-18,2020-05-13,243,True,0,0.0,0.060683772211,4.400563612110225,1,0.06,4.35097897026831
2021-05-14,1.385,tencent_finance,1.01,0.375,0.0002255639097744361,historical,2020-12-01,2021-06-18,133,2021-06-18,2020-05-14,243,True,0,0.0,0.060640277825,4.378359409747292,1,0.06,4.332129963898916
2021-05-17,1.383,tencent_finance,1.008,0.375,0.0002255639097744361,historical,2020-12-01,2021-06-18,133,2021-06-18,2020-05-17,243,True,0,0.0,0.060596783438,4.381546163268258,1,0.06,4.3383947939262475
2021-05-18,1.39,tencent_finance,1.015,0.375,0.0002255639097744361,historical,2020-12-01,2021-06-18,133,2021-06-18,2020-05-18,243,True,0,0.0,0.060553289052,4.356351730359712,1,0.06,4.316546762589928
2021-05-19,1.391,tencent_finance,1.016,0.375,0.0002255639097744361,historical,2020-12-01,2021-06-18,133,2021-06-18,2020-05-19,243,True,0,0.0,0.060509794666,4.350093074478792,1,0.06,4.313443565780014
2021-05-20,1.375,tencent_finance,1.0,0.375,0.0002255639097744361,historical,2020-12-01,2021-06-18,133,2021-06-18,2020-05-20,243,True,0,0.0,0.06046630028,4.397549111272728,1,0.06,4.363636363636363
2021-05-21,1.381,tencent_finance,1.006,0.375,0.0002255639097744361,historical,2020-12-01,2021-06-18,133,2021-06-18,2020-05-21,243,True,0,0.0,0.060422805894,4.375293692541637,1,0.06,4.344677769732078
2021-05-24,1.388,tencent_finance,1.013,0.375,0.0002255639097744361,historical,2020-12-01,2021-06-18,133,2021-06-18,2020-05-24,243,True,0,0.0,0.060379311507,4.3500944889769455,1,0.06,4.322766570605188
2021-05-25,1.408,tencent_finance,1.033,0.375,0.0002255639097744361,historical,2020-12-01,2021-06-18,133,2021-06-18,2020-05-25,243,True,0,0.0,0.060335817121,4.285214284161932,1,0.06,4.261363636363637
2021-05-26,1.416,tencent_finance,1.041,0.375,0.0002255639097744361,historical,2020-12-01,2021-06-18,133,2021-06-18,2020-05-26,243,True,0,0.0,0.060292322735,4.257932396539548,1,0.06,4.23728813559322
2021-05-27,1.428,tencent_finance,1.053,0.375,0.0002255639097744361,historical,2020-12-01,2021-06-18,133,2021-06-18,2020-05-27,243,True,0,0.0,0.060248828349,4.219105626680673,1,0.06,4.201680672268908
2021-05-28,1.432,tencent_finance,1.057,0.375,0.0002255639097744361,historical,2020-12-01,2021-06-18,133,2021-06-18,2020-05-28,243,True,0,0.0,0.060205333963,4.20428309797486,1,0.06,4.189944134078212
2021-05-31,1.442,tencent_finance,1.067,0.375,0.0002255639097744361,historical,2020-12-01,2021-06-18,133,2021-06-18,2020-05-31,243,True,0,0.0,0.060161839577,4.1721109276699035,1,0.06,4.160887656033287
2021-06-01,1.453,tencent_finance,1.078,0.375,0.0002255639097744361,historical,2020-12-01,2021-06-18,133,2021-06-18,2020-06-01,243,True,0,0.0,0.06011834519,4.137532359944942,1,0.06,4.129387474191328
2021-06-02,1.444,tencent_finance,1.069,0.375,0.0002255639097744361,historical,2020-12-01,2021-06-18,133,2021-06-18,2020-06-02,243,True,0,0.0,0.060074850804,4.160308227423823,1,0.06,4.1551246537396125
2021-06-03,1.447,tencent_finance,1.072,0.375,0.0002255639097744361,historical,2020-12-01,2021-06-18,133,2021-06-18,2020-06-03,243,True,0,0.0,0.060031356418,4.148677015756737,1,0.06,4.146510020732549
2021-06-04,1.444,tencent_finance,1.069,0.375,0.0002255639097744361,historical,2020-12-01,2021-06-18,133,2021-06-18,2020-06-04,243,True,0,0.0,0.059987862032,4.154284074238228,1,0.06,4.1551246537396125
2021-06-07,1.44,tencent_finance,1.065,0.375,0.0002255639097744361,historical,2020-12-01,2021-06-18,133,2021-06-18,2020-06-07,243,True,0,0.0,0.059944367646,4.16280330875,1,0.06,4.166666666666666
2021-06-08,1.431,tencent_finance,1.056,0.375,0.0002255639097744361,historical,2020-12-01,2021-06-18,133,2021-06-18,2020-06-08,243,True,0,0.0,0.059900873259,4.185945021593292,1,0.06,4.192872117400419
2021-06-09,1.438,tencent_finance,1.063,0.375,0.0002255639097744361,historical,2020-12-01,2021-06-18,133,2021-06-18,2020-06-09,243,True,0,0.0,0.059857378873,4.162543732475661,1,0.06,4.172461752433936
2021-06-10,1.441,tencent_finance,1.066,0.375,0.0002255639097744361,historical,2020-12-01,2021-06-18,133,2021-06-18,2020-06-10,243,True,0,0.0,0.059813884487,4.150859436988203,1,0.06,4.1637751561415675
2021-06-11,1.436,tencent_finance,1.061,0.375,0.0002255639097744361,historical,2020-12-01,2021-06-18,133,2021-06-18,2020-06-11,243,True,0,0.0,0.059770390101,4.1622834332172705,1,0.06,4.178272980501393
2021-06-15,1.428,tencent_finance,1.053,0.375,0.0002255639097744361,historical,2020-12-01,2021-06-18,133,2021-06-18,2020-06-15,242,True,0,0.0,0.059457837419,4.163714104971989,1,0.06,4.201680672268908
2021-06-16,1.404,tencent_finance,1.029,0.375,0.0002255639097744361,historical,2020-12-01,2021-06-18,133,2021-06-18,2020-06-16,242,True,0,0.0,0.059414343032,4.231790814245015,1,0.06,4.273504273504273
2021-06-17,1.406,tencent_finance,1.031,0.375,0.0002255639097744361,historical,2020-12-01,2021-06-18,133,2021-06-18,2020-06-17,242,True,0,0.0,0.059370848646,4.222677713086771,1,0.06,4.2674253200568995
2021-06-18,1.377,tencent_finance,1.032,0.345,0.0002255639097744361,historical,2020-12-01,2021-06-18,133,2021-06-18,2020-06-18,242,True,0,0.0,0.05932735426,4.308449837327523,2,0.09,6.535947712418301
2021-06-21,1.38,tencent_finance,1.035,0.345,0.0002564102564102564,historical,2021-06-21,2021-12-09,117,2021-12-09,2020-06-21,242,True,0,0.0,0.059314706221,4.298167117463769,2,0.09,6.521739130434782
2021-06-22,1.401,tencent_finance,1.056,0.345,0.0002564102564102564,historical,2021-06-21,2021-12-09,117,2021-12-09,2020-06-22,242,True,0,0.0,0.059302058181,4.232837843040685,2,0.09,6.423982869379015
2021-06-23,1.418,tencent_finance,1.073,0.345,0.0002564102564102564,historical,2021-06-21,2021-12-09,117,2021-12-09,2020-06-23,242,True,0,0.0,0.059289410141,4.181199586812411,2,0.09,6.346967559943582
2021-06-24,1.417,tencent_finance,1.072,0.345,0.0002564102564102564,historical,2021-06-21,2021-12-09,117,2021-12-09,2020-06-24,242,True,0,0.0,0.059276762102,4.183257734791813,2,0.09,6.3514467184191945
2021-06-25,1.422,tencent_finance,1.077,0.345,0.0002564102564102564,historical,2021-06-21,2021-12-09,117,2021-12-09,2020-06-25,243,True,0,0.0,0.059533172358,4.186580334599157,2,0.09,6.329113924050633
2021-06-28,1.412,tencent_finance,1.067,0.345,0.0002564102564102564,historical,2021-06-21,2021-12-09,117,2021-12-09,2020-06-28,244,True,0,0.0,0.059789582615,4.234389703611899,2,0.09,6.373937677053824
2021-06-29,1.413,tencent_finance,1.068,0.345,0.0002564102564102564,historical,2021-06-21,2021-12-09,117,2021-12-09,2020-06-29,244,True,0,0.0,0.059776934575,4.230497846779901,2,0.09,6.369426751592357
2021-06-30,1.418,tencent_finance,1.073,0.345,0.0002564102564102564,historical,2021-06-21,2021-12-09,117,2021-12-09,2020-06-30,244,True,0,0.0,0.059764286536,4.214688754301834,2,0.09,6.346967559943582
2021-07-01,1.412,tencent_finance,1.067,0.345,0.0002564102564102564,historical,2021-06-21,2021-12-09,117,2021-12-09,2020-07-01,244,True,0,0.0,0.059751638496,4.23170244305949,2,0.09,6.373937677053824
2021-07-02,1.402,tencent_finance,1.057,0.345,0.0002564102564102564,historical,2021-06-21,2021-12-09,117,2021-12-09,2020-07-02,244,True,0,0.0,0.059738990456,4.260983627389444,2,0.09,6.419400855920114
2021-07-05,1.402,tencent_finance,1.057,0.345,0.0002564102564102564,historical,2021-06-21,2021-12-09,117,2021-12-09,2020-07-05,244,True,0,0.0,0.059726342417,4.260081484807418,2,0.09,6.419400855920114
2021-07-06,1.404,tencent_finance,1.059,0.345,0.0002564102564102564,historical,2021-06-21,2021-12-09,117,2021-12-09,2020-07-06,244,True,0,0.0,0.059713694377,4.25311213511396,2,0.09,6.4102564102564115
2021-07-07,1.405,tencent_finance,1.06,0.345,0.0002564102564102564,historical,2021-06-21,2021-12-09,117,2021-12-09,2020-07-07,244,True,0,0.0,0.059701046338,4.2491847927402135,2,0.09,6.405693950177936
2021-07-08,1.388,tencent_finance,1.043,0.345,0.0002564102564102564,historical,2021-06-21,2021-12-09,117,2021-12-09,2020-07-08,244,True,0,0.0,0.059688398298,4.300316880259366,2,0.09,6.484149855907781
2021-07-09,1.397,tencent_finance,1.052,0.345,0.0002564102564102564,historical,2021-06-21,2021-12-09,117,2021-12-09,2020-07-09,244,True,0,0.0,0.059675750259,4.271707248317824,2,0.09,6.442376521116679
2021-07-12,1.409,tencent_finance,1.064,0.345,0.0002564102564102564,historical,2021-06-21,2021-12-09,117,2021-12-09,2020-07-12,244,True,0,0.0,0.059663102219,4.2344288303051805,2,0.09,6.387508871540098
2021-07-13,1.418,tencent_finance,1.073,0.345,0.0002564102564102564,historical,2021-06-21,2021-12-09,117,2021-12-09,2020-07-13,244,True,0,0.0,0.05965045418,4.2066610846262344,2,0.09,6.346967559943582
2021-07-14,1.416,tencent_finance,1.071,0.345,0.0002564102564102564,historical,2021-06-21,2021-12-09,117,2021-12-09,2020-07-14,244,True,0,0.0,0.05963780614,4.211709473163841,2,0.09,6.3559322033898304
2021-07-15,1.421,tencent_finance,1.076,0.345,0.0002564102564102564,historical,2021-06-21,2021-12-09,117,2021-12-09,2020-07-15,244,True,0,0.0,0.0596251581,4.195999866291344,2,0.09,6.33356790992259
2021-07-16,1.429,tencent_finance,1.084,0.345,0.0002564102564102564,historical,2021-06-21,2021-12-09,117,2021-12-09,2020-07-16,244,True,0,0.0,0.059612510061,4.171624217004898,2,0.09,6.298110566829951
2021-07-19,1.424,tencent_finance,1.079,0.345,0.0002564102564102564,historical,2021-06-21,2021-12-09,117,2021-12-09,2020-07-19,244,True,0,0.0,0.059599862021,4.185383568890449,2,0.09,6.320224719101124
2021-07-20,1.418,tencent_finance,1.073,0.345,0.0002564102564102564,historical,2021-06-21,2021-12-09,117,2021-12-09,2020-07-20,244,True,0,0.0,0.059587213982,4.202201268124119,2,0.09,6.346967559943582
2021-07-21,1.419,tencent_finance,1.074,0.345,0.0002564102564102564,historical,2021-06-21,2021-12-09,117,2021-12-09,2020-07-21,244,True,0,0.0,0.059574565942,4.198348551233263,2,0.09,6.342494714587738
2021-07-22,1.433,tencent_finance,1.088,0.345,0.0002564102564102564,historical,2021-06-21,2021-12-09,117,2021-12-09,2020-07-22,244,True,0,0.0,0.059561917903,4.156449260502442,2,0.09,6.28053035589672
2021-07-23,1.421,tencent_finance,1.076,0.345,0.0002564102564102564,historical,2021-06-21,2021-12-09,117,2021-12-09,2020-07-23,244,True,0,0.0,0.059549269863,4.190659385151302,2,0.09,6.33356790992259
2021-07-26,1.405,tencent_finance,1.06,0.345,0.0002564102564102564,historical,2021-06-21,2021-12-09,117,2021-12-09,2020-07-26,244,True,0,0.0,0.059536621824,4.237481980355871,2,0.09,6.405693950177936
2021-07-27,1.355,tencent_finance,1.01,0.345,0.0002564102564102564,historical,2021-06-21,2021-12-09,117,2021-12-09,2020-07-27,244,True,0,0.0,0.059523973784,4.392913194391144,2,0.09,6.642066420664207
2021-07-28,1.335,tencent_finance,0.99,0.345,0.0002564102564102564,historical,2021-06-21,2021-12-09,117,2021-12-09,2020-07-28,244,True,0,0.0,0.059511325745,4.457777209363297,2,0.09,6.741573033707865
2021-07-29,1.354,tencent_finance,1.009,0.345,0.0002564102564102564,historical,2021-06-21,2021-12-09,117,2021-12-09,2020-07-29,244,True,0,0.0,0.059498677705,4.394289343057607,2,0.09,6.646971935007384
2021-07-30,1.368,tencent_finance,1.023,0.345,0.0002564102564102564,historical,2021-06-21,2021-12-09,117,2021-12-09,2020-07-30,244,True,0,0.0,0.059486029665,4.348393981359648,2,0.09,6.578947368421052
2021-08-02,1.372,tencent_finance,1.027,0.345,0.0002564102564102564,historical,2021-06-21,2021-12-09,117,2021-12-09,2020-08-02,244,True,0,0.0,0.059473381626,4.334794579154519,2,0.09,6.559766763848396
2021-08-03,1.357,tencent_finance,1.012,0.345,0.0002564102564102564,historical,2021-06-21,2021-12-09,117,2021-12-09,2020-08-03,244,True,0,0.0,0.059460733586,4.381778451436993,2,0.09,6.632277081798084
2021-08-04,1.375,tencent_finance,1.03,0.345,0.0002564102564102564,historical,2021-06-21,2021-12-09,117,2021-12-09,2020-08-04,244,True,0,0.0,0.059448085547,4.323497130690909,2,0.09,6.545454545454545
2021-08-05,1.372,tencent_finance,1.027,0.345,0.0002564102564102564,historical,2021-06-21,2021-12-09,117,2021-12-09,2020-08-05,244,True,0,0.0,0.059435437507,4.3320289728134105,2,0.09,6.559766763848396
2021-08-06,1.376,tencent_finance,1.031,0.345,0.0002564102564102564,historical,2021-06-21,2021-12-09,117,2021-12-09,2020-08-06,244,True,0,0.0,0.059422789468,4.318516676453489,2,0.09,6.540697674418605
2021-08-09,1.393,tencent_finance,1.048,0.345,0.0002564102564102564,historical,2021-06-21,2021-12-09,117,2021-12-09,2020-08-09,244,True,0,0.0,0.059410141428,4.264906060875808,2,0.09,6.460875807609476
2021-08-10,1.396,tencent_finance,1.051,0.345,0.0002564102564102564,historical,2021-06-21,2021-12-09,117,2021-12-09,2020-08-10,244,True,0,0.0,0.059397493389,4.254834769985673,2,0.09,6.446991404011461
2021-08-11,1.418,tencent_finance,1.073,0.345,0.0002564102564102564,historical,2021-06-21,2021-12-09,117,2021-12-09,2020-08-11,244,True,0,0.0,0.059384845349,4.187929855359662,2,0.09,6.346967559943582
2021-08-12,1.435,tencent_finance,1.09,0.345,0.0002564102564102564,historical,2021-06-21,2021-12-09,117,2021-12-09,2020-08-12,244,True,0,0.0,0.059372197309,4.137435352543553,2,0.09,6.2717770034843205
2021-08-13,1.44,tencent_finance,1.095,0.345,0.0002564102564102564,historical,2021-06-21,2021-12-09,117,2021-12-09,2020-08-13,244,True,0,0.0,0.05935954927,4.122190921527777,2,0.09,6.25
2021-08-16,1.442,tencent_finance,1.097,0.345,0.0002564102564102564,historical,2021-06-21,2021-12-09,117,2021-12-09,2020-08-16,244,True,0,0.0,0.05934690123,4.1155964791955615,2,0.09,6.2413314840499305
2021-08-17,1.414,tencent_finance,1.069,0.345,0.0002564102564102564,historical,2021-06-21,2021-12-09,117,2021-12-09,2020-08-17,244,True,0,0.0,0.059334253191,4.1961989526874115,2,0.09,6.364922206506366
2021-08-18,1.425,tencent_finance,1.08,0.345,0.0002564102564102564,historical,2021-06-21,2021-12-09,117,2021-12-09,2020-08-18,244,True,0,0.0,0.059321605151,4.1629196597192974,2,0.09,6.315789473684211
2021-08-19,1.419,tencent_finance,1.074,0.345,0.0002564102564102564,historical,2021-06-21,2021-12-09,117,2021-12-09,2020-08-19,244,True,0,0.0,0.059308957112,4.179630522339676,2,0.09,6.342494714587738
2021-08-20,1.42,tencent_finance,1.075,0.345,0.0002564102564102564,historical,2021-06-21,2021-12-09,117,2021-12-09,2020-08-20,244,True,0,0.0,0.059296309072,4.175796413521127,2,0.09,6.338028169014084
2021-08-23,1.432,tencent_finance,1.087,0.345,0.0002564102564102564,historical,2021-06-21,2021-12-09,117,2021-12-09,2020-08-23,244,True,0,0.0,0.059283661033,4.139920463198324,2,0.09,6.284916201117319
2021-08-24,1.448,tencent_finance,1.103,0.345,0.0002564102564102564,historical,2021-06-21,2021-12-09,117,2021-12-09,2020-08-24,244,True,0,0.0,0.059271012993,4.093302002279006,2,0.09,6.2154696132596685
2021-08-25,1.467,tencent_finance,1.122,0.345,0.0002564102564102564,historical,2021-06-21,2021-12-09,117,2021-12-09,2020-08-25,244,True,0,0.0,0.059258364953,4.039425013837763,2,0.09,6.1349693251533735
2021-08-26,1.472,tencent_finance,1.127,0.345,0.0002564102564102564,historical,2021-06-21,2021-12-09,117,2021-12-09,2020-08-26,244,True,0,0.0,0.059245716914,4.0248448990489125,2,0.09,6.114130434782608
2021-08-27,1.48,tencent_finance,1.135,0.345,0.0002564102564102564,historical,2021-06-21,2021-12-09,117,2021-12-09,2020-08-27,244,True,0,0.0,0.059233068874,4.002234383378378,2,0.09,6.081081081081081
2021-08-30,1.49,tencent_finance,1.145,0.345,0.0002564102564102564,historical,2021-06-21,2021-12-09,117,2021-12-09,2020-08-30,244,True,0,0.0,0.059220420835,3.9745248882550337,2,0.09,6.040268456375839
2021-08-31,1.521,tencent_finance,1.176,0.345,0.0002564102564102564,historical,2021-06-21,2021-12-09,117,2021-12-09,2020-08-31,244,True,0,0.0,0.059207772795,3.892687231755424,2,0.09,5.9171597633136095
2021-09-01,1.517,tencent_finance,1.172,0.345,0.0002564102564102564,historical,2021-06-21,2021-12-09,117,2021-12-09,2020-09-01,244,True,0,0.0,0.059195124756,3.9021176503625576,2,0.09,5.932762030323007
2021-09-02,1.543,tencent_finance,1.198,0.345,0.0002564102564102564,historical,2021-06-21,2021-12-09,117,2021-12-09,2020-09-02,244,True,0,0.0,0.059182476716,3.8355461254698637,2,0.09,5.832793259883344
2021-09-03,1.539,tencent_finance,1.194,0.345,0.0002564102564102564,historical,2021-06-21,2021-12-09,117,2021-12-09,2020-09-03,244,True,0,0.0,0.059169828677,3.844693221377518,2,0.09,5.847953216374269
2021-09-06,1.552,tencent_finance,1.207,0.345,0.0002564102564102564,historical,2021-06-21,2021-12-09,117,2021-12-09,2020-09-06,244,True,0,0.0,0.059157180637,3.811674010115979,2,0.09,5.798969072164948
2021-09-07,1.585,tencent_finance,1.24,0.345,0.0002564102564102564,historical,2021-06-21,2021-12-09,117,2021-12-09,2020-09-07,244,True,0,0.0,0.059144532597,3.731516252176656,2,0.09,5.678233438485805
2021-09-08,1.6,tencent_finance,1.255,0.345,0.0002564102564102564,historical,2021-06-21,2021-12-09,117,2021-12-09,2020-09-08,244,True,0,0.0,0.059131884558,3.695742784875,2,0.09,5.624999999999999
2021-09-09,1.631,tencent_finance,1.286,0.345,0.0002564102564102564,historical,2021-06-21,2021-12-09,117,2021-12-09,2020-09-09,244,True,0,0.0,0.059119236518,3.6247232690374007,2,0.09,5.51808706315144
2021-09-10,1.605,tencent_finance,1.26,0.345,0.0002564102564102564,historical,2021-06-21,2021-12-09,117,2021-12-09,2020-09-10,244,True,0,0.0,0.059106588479,3.682653487788162,2,0.09,5.607476635514018
2021-09-13,1.634,tencent_finance,1.289,0.345,0.0002564102564102564,historical,2021-06-21,2021-12-09,117,2021-12-09,2020-09-13,244,True,0,0.0,0.059093940439,3.6165202227050184,2,0.09,5.507955936352509
2021-09-14,1.606,tencent_finance,1.261,0.345,0.0002564102564102564,historical,2021-06-21,2021-12-09,117,2021-12-09,2020-09-14,244,True,0,0.0,0.0590812924,3.6787853300124533,2,0.09,5.60398505603985
2021-09-15,1.61,tencent_finance,1.265,0.345,0.0002564102564102564,historical,2021-06-21,2021-12-09,117,2021-12-09,2020-09-15,244,True,0,0.0,0.05906864436,3.668859898136646,2,0.09,5.590062111801242
2021-09-16,1.59,tencent_finance,1.245,0.345,0.0002564102564102564,historical,2021-06-21,2021-12-09,117,2021-12-09,2020-09-16,244,True,0,0.0,0.059055996321,3.7142136050943395,2,0.09,5.660377358490566
2021-09-17,1.557,tencent_finance,1.212,0.345,0.0002564102564102564,historical,2021-06-21,2021-12-09,117,2021-12-09,2020-09-17,244,True,0,0.0,0.059043348281,3.792122561400128,2,0.09,5.780346820809249
2021-09-22,1.58,tencent_finance,1.235,0.345,0.0002564102564102564,historical,2021-06-21,2021-12-09,117,2021-12-09,2020-09-22,242,True,0,0.0,0.05849258365,3.702062256329114,2,0.09,5.69620253164557
2021-09-23,1.583,tencent_finance,1.238,0.345,0.0002564102564102564,historical,2021-06-21,2021-12-09,117,2021-12-09,2020-09-23,242,True,0,0.0,0.05847993561,3.694247353758686,2,0.09,5.685407454200885
2021-09-24,1.535,tencent_finance,1.19,0.345,0.0002564102564102564,historical,2021-06-21,2021-12-09,117,2021-12-09,2020-09-24,242,True,0,0.0,0.05846728757,3.8089438156351796,2,0.09,5.863192182410423
2021-09-27,1.491,tencent_finance,1.146,0.345,0.0002564102564102564,historical,2021-06-21,2021-12-09,117,2021-12-09,2020-09-27,242,True,0,0.0,0.058454639531,3.9204989625083835,2,0.09,6.036217303822937
2021-09-28,1.51,tencent_finance,1.165,0.345,0.0002564102564102564,historical,2021-06-21,2021-12-09,117,2021-12-09,2020-09-28,242,True,0,0.0,0.058441991491,3.8703305623178808,2,0.09,5.960264900662252
2021-09-29,1.47,tencent_finance,1.125,0.345,0.0002564102564102564,historical,2021-06-21,2021-12-09,117,2021-12-09,2020-09-29,242,True,0,0.0,0.058429343452,3.974785268843538,2,0.09,6.122448979591836
2021-09-30,1.488,tencent_finance,1.143,0.345,0.0002564102564102564,historical,2021-06-21,2021-12-09,117,2021-12-09,2020-09-30,242,True,0,0.0,0.058416695412,3.9258531862903228,2,0.09,6.048387096774193
2021-10-08,1.488,tencent_finance,1.143,0.345,0.0002564102564102564,historical,2021-06-21,2021-12-09,117,2021-12-09,2020-10-08,243,True,0,0.0,0.058673105669,3.9430850584005377,2,0.09,6.048387096774193
2021-10-11,1.5,tencent_finance,1.155,0.345,0.0002564102564102564,historical,2021-06-21,2021-12-09,117,2021-12-09,2020-10-11,243,True,0,0.0,0.058660457629,3.9106971752666664,2,0.09,6.0
2021-10-12,1.476,tencent_finance,1.131,0.345,0.0002564102564102564,historical,2021-06-21,2021-12-09,117,2021-12-09,2020-10-12,243,True,0,0.0,0.05864780959,3.9734288340108406,2,0.09,6.097560975609756
2021-10-13,1.463,tencent_finance,1.118,0.345,0.0002564102564102564,historical,2021-06-21,2021-12-09,117,2021-12-09,2020-10-13,243,True,0,0.0,0.05863516155,4.0078716028708135,2,0.09,6.151742993848257
2021-10-14,1.461,tencent_finance,1.116,0.345,0.0002564102564102564,historical,2021-06-21,2021-12-09,117,2021-12-09,2020-10-14,243,True,0,0.0,0.05862251351,4.012492368925393,2,0.09,6.160164271047227
2021-10-15,1.462,tencent_finance,1.117,0.345,0.0002564102564102564,historical,2021-06-21,2021-12-09,117,2021-12-09,2020-10-15,243,True,0,0.0,0.058609865471,4.008882727154583,2,0.09,6.155950752393981
2021-10-18,1.485,tencent_finance,1.14,0.345,0.0002564102564102564,historical,2021-06-21,2021-12-09,117,2021-12-09,2020-10-18,243,True,0,0.0,0.058597217431,3.945940567744107,2,0.09,6.06060606060606
2021-10-19,1.496,tencent_finance,1.151,0.345,0.0002564102564102564,historical,2021-06-21,2021-12-09,117,2021-12-09,2020-10-19,243,True,0,0.0,0.058584569392,3.91608084171123,2,0.09,6.016042780748663
2021-10-20,1.479,tencent_finance,1.134,0.345,0.0002564102564102564,historical,2021-06-21,2021-12-09,117,2021-12-09,2020-10-20,243,True,0,0.0,0.058571921352,3.9602380900608516,2,0.09,6.085192697768762
2021-10-21,1.49,tencent_finance,1.145,0.345,0.0002564102564102564,historical,2021-06-21,2021-12-09,117,2021-12-09,2020-10-21,243,True,0,0.0,0.058559273313,3.9301525713422816,2,0.09,6.040268456375839
2021-10-22,1.465,tencent_finance,1.12,0.345,0.0002564102564102564,historical,2021-06-21,2021-12-09,117,2021-12-09,2020-10-22,243,True,0,0.0,0.058546625273,3.9963566739249146,2,0.09,6.14334470989761
2021-10-25,1.461,tencent_finance,1.116,0.345,0.0002564102564102564,historical,2021-06-21,2021-12-09,117,2021-12-09,2020-10-25,243,True,0,0.0,0.058533977234,4.006432391101985,2,0.09,6.160164271047227
2021-10-26,1.46,tencent_finance,1.115,0.345,0.0002564102564102564,historical,2021-06-21,2021-12-09,117,2021-12-09,2020-10-26,243,True,0,0.0,0.058521329194,4.008310218767123,2,0.09,6.164383561643835
2021-10-27,1.437,tencent_finance,1.092,0.345,0.0002564102564102564,historical,2021-06-21,2021-12-09,117,2021-12-09,2020-10-27,243,True,0,0.0,0.058508681154,4.071585327348643,2,0.09,6.263048016701461
2021-10-28,1.406,tencent_finance,1.061,0.345,0.0002564102564102564,historical,2021-06-21,2021-12-09,117,2021-12-09,2020-10-28,243,True,0,0.0,0.058496033115,4.160457547297297,2,0.09,6.401137980085349
2021-10-29,1.409,tencent_finance,1.064,0.345,0.0002564102564102564,historical,2021-06-21,2021-12-09,117,2021-12-09,2020-10-29,243,True,0,0.0,0.058483385075,4.150701566713981,2,0.09,6.387508871540098
2021-11-01,1.419,tencent_finance,1.074,0.345,0.0002564102564102564,historical,2021-06-21,2021-12-09,117,2021-12-09,2020-11-01,243,True,0,0.0,0.058470737036,4.120559340098661,2,0.09,6.342494714587738
2021-11-02,1.393,tencent_finance,1.048,0.345,0.0002564102564102564,historical,2021-06-21,2021-12-09,117,2021-12-09,2020-11-02,243,True,0,0.0,0.058458088996,4.196560588370424,2,0.09,6.460875807609476
2021-11-03,1.408,tencent_finance,1.063,0.345,0.0002564102564102564,historical,2021-06-21,2021-12-09,117,2021-12-09,2020-11-03,243,True,0,0.0,0.058445440957,4.150954613423296,2,0.09,6.392045454545454
2021-11-04,1.413,tencent_finance,1.068,0.345,0.0002564102564102564,historical,2021-06-21,2021-12-09,117,2021-12-09,2020-11-04,243,True,0,0.0,0.058432792917,4.135371048619958,2,0.09,6.369426751592357
2021-11-05,1.388,tencent_finance,1.043,0.345,0.0002564102564102564,historical,2021-06-21,2021-12-09,117,2021-12-09,2020-11-05,243,True,0,0.0,0.058420144878,4.208944155475504,2,0.09,6.484149855907781
2021-11-08,1.398,tencent_finance,1.053,0.345,0.0002564102564102564,historical,2021-06-21,2021-12-09,117,2021-12-09,2020-11-08,243,True,0,0.0,0.058407496838,4.17793253490701,2,0.09,6.437768240343347
2021-11-09,1.404,tencent_finance,1.059,0.345,0.0002564102564102564,historical,2021-06-21,2021-12-09,117,2021-12-09,2020-11-09,243,True,0,0.0,0.058394848798,4.159177264814815,2,0.09,6.4102564102564115
2021-11-10,1.401,tencent_finance,1.056,0.345,0.0002564102564102564,historical,2021-06-21,2021-12-09,117,2021-12-09,2020-11-10,243,True,0,0.0,0.058382200759,4.167180639471805,2,0.09,6.423982869379015
2021-11-11,1.425,tencent_finance,1.08,0.345,0.0002564102564102564,historical,2021-06-21,2021-12-09,117,2021-12-09,2020-11-11,243,True,0,0.0,0.058369552719,4.096108962736842,2,0.09,6.315789473684211
2021-11-12,1.421,tencent_finance,1.076,0.345,0.0002564102564102564,historical,2021-06-21,2021-12-09,117,2021-12-09,2020-11-12,243,True,0,0.0,0.05835690468,4.1067490978184376,2,0.09,6.33356790992259
2021-11-15,1.417,tencent_finance,1.072,0.345,0.0002564102564102564,historical,2021-06-21,2021-12-09,117,2021-12-09,2020-11-15,243,True,0,0.0,0.05834425664,4.117449304163726,2,0.09,6.3514467184191945
2021-11-16,1.413,tencent_finance,1.068,0.345,0.0002564102564102564,historical,2021-06-21,2021-12-09,117,2021-12-09,2020-11-16,243,True,0,0.0,0.058331608601,4.128210092073602,2,0.09,6.369426751592357
2021-11-17,1.418,tencent_finance,1.073,0.345,0.0002564102564102564,historical,2021-06-21,2021-12-09,117,2021-12-09,2020-11-17,243,True,0,0.0,0.058318960561,4.112761675669958,2,0.09,6.346967559943582
2021-11-18,1.419,tencent_finance,1.074,0.345,0.0002564102564102564,historical,2021-06-21,2021-12-09,117,2021-12-09,2020-11-18,243,True,0,0.0,0.058306312522,4.108971988865398,2,0.09,6.342494714587738
2021-11-19,1.435,tencent_finance,1.09,0.345,0.0002564102564102564,historical,2021-06-21,2021-12-09,117,2021-12-09,2020-11-19,243,True,0,0.0,0.058293664482,4.062276270522648,2,0.09,6.2717770034843205
2021-11-22,1.442,tencent_finance,1.097,0.345,0.0002564102564102564,historical,2021-06-21,2021-12-09,117,2021-12-09,2020-11-22,243,True,0,0.0,0.058281016442,4.0416793649098475,2,0.09,6.2413314840499305
2021-11-23,1.452,tencent_finance,1.107,0.345,0.0002564102564102564,historical,2021-06-21,2021-12-09,117,2021-12-09,2020-11-23,243,True,0,0.0,0.058268368403,4.0129730305096425,2,0.09,6.198347107438017
2021-11-24,1.456,tencent_finance,1.111,0.345,0.0002564102564102564,historical,2021-06-21,2021-12-09,117,2021-12-09,2020-11-24,243,True,0,0.0,0.058255720363,4.001079695260989,2,0.09,6.181318681318682
2021-11-25,1.453,tencent_finance,1.108,0.345,0.0002564102564102564,historical,2021-06-21,2021-12-09,117,2021-12-09,2020-11-25,243,True,0,0.0,0.058243072324,4.008470221885753,2,0.09,6.194081211286992
2021-11-26,1.441,tencent_finance,1.096,0.345,0.0002564102564102564,historical,2021-06-21,2021-12-09,117,2021-12-09,2020-11-26,243,True,0,0.0,0.058230424284,4.040973232755031,2,0.09,6.245662734212352
2021-11-29,1.432,tencent_finance,1.087,0.345,0.0002564102564102564,historical,2021-06-21,2021-12-09,117,2021-12-09,2020-11-29,243,True,0,0.0,0.058217776245,4.0654871679469275,2,0.09,6.284916201117319
2021-11-30,1.434,tencent_finance,1.089,0.345,0.0002564102564102564,historical,2021-06-21,2021-12-09,117,2021-12-09,2020-11-30,243,True,0,0.0,0.058205128205,4.058935021269177,1,0.03,2.092050209205021
2021-12-01,1.452,tencent_finance,1.107,0.345,0.0002564102564102564,historical,2021-06-21,2021-12-09,117,2021-12-09,2020-12-01,243,True,0,0.0,0.058235974552,4.010742049035812,1,0.03,2.066115702479339
2021-12-02,1.457,tencent_finance,1.112,0.345,0.0002564102564102564,historical,2021-06-21,2021-12-09,117,2021-12-09,2020-12-02,243,True,0,0.0,0.058266820898,3.999095463143445,1,0.03,2.059025394646534
2021-12-03,1.466,tencent_finance,1.121,0.345,0.0002564102564102564,historical,2021-06-21,2021-12-09,117,2021-12-09,2020-12-03,243,True,0,0.0,0.058297667245,3.976648516030014,1,0.03,2.0463847203274215
2021-12-06,1.458,tencent_finance,1.113,0.345,0.0002564102564102564,historical,2021-06-21,2021-12-09,117,2021-12-09,2020-12-06,243,True,0,0.0,0.058328513592,4.000583922633745,1,0.03,2.05761316872428
2021-12-07,1.462,tencent_finance,1.117,0.345,0.0002564102564102564,historical,2021-06-21,2021-12-09,117,2021-12-09,2020-12-07,243,True,0,0.0,0.058359359938,3.9917482857729136,1,0.03,2.0519835841313268
2021-12-08,1.461,tencent_finance,1.116,0.345,0.0002564102564102564,historical,2021-06-21,2021-12-09,117,2021-12-09,2020-12-08,243,True,0,0.0,0.058390206285,3.996591805954825,1,0.03,2.0533880903490758
2021-12-09,1.437,tencent_finance,1.122,0.315,0.0002564102564102564,historical,2021-06-21,2021-12-09,117,2021-12-09,2020-12-09,243,True,0,0.0,0.058421052632,4.0654873091162145,2,0.06,4.175365344467641
2021-12-10,1.432,tencent_finance,1.117,0.315,0.00023076923076923076,historical,2021-12-10,2022-06-27,130,2022-06-27,2020-12-10,243,True,0,0.0,0.058426257953,4.080045946438548,2,0.06,4.189944134078212
2021-12-13,1.431,tencent_finance,1.116,0.315,0.00023076923076923076,historical,2021-12-10,2022-06-27,130,2022-06-27,2020-12-13,243,True,0,0.0,0.058431463274,4.0832608856743535,2,0.06,4.192872117400419
2021-12-14,1.414,tencent_finance,1.099,0.315,0.00023076923076923076,historical,2021-12-10,2022-06-27,130,2022-06-27,2020-12-14,243,True,0,0.0,0.058436668595,4.1327205512729845,2,0.06,4.243281471004243
2021-12-15,1.418,tencent_finance,1.103,0.315,0.00023076923076923076,historical,2021-12-10,2022-06-27,130,2022-06-27,2020-12-15,243,True,0,0.0,0.058441873916,4.121429754301834,2,0.06,4.2313117066290555
2021-12-16,1.436,tencent_finance,1.121,0.315,0.00023076923076923076,historical,2021-12-10,2022-06-27,130,2022-06-27,2020-12-16,243,True,0,0.0,0.058447079237,4.070130866086352,2,0.06,4.178272980501393
2021-12-17,1.431,tencent_finance,1.116,0.315,0.00023076923076923076,historical,2021-12-10,2022-06-27,130,2022-06-27,2020-12-17,243,True,0,0.0,0.058452284558,4.084715902026555,2,0.06,4.192872117400419
2021-12-20,1.419,tencent_finance,1.104,0.315,0.00023076923076923076,historical,2021-12-10,2022-06-27,130,2022-06-27,2020-12-20,243,True,0,0.0,0.058457489879,4.1196257842847075,2,0.06,4.2283298097251585
2021-12-21,1.444,tencent_finance,1.129,0.315,0.00023076923076923076,historical,2021-12-10,2022-06-27,130,2022-06-27,2020-12-21,243,True,0,0.0,0.0584626952,4.048663102493075,2,0.06,4.1551246537396125
2021-12-22,1.44,tencent_finance,1.125,0.315,0.00023076923076923076,historical,2021-12-10,2022-06-27,130,2022-06-27,2020-12-22,243,True,0,0.0,0.058467900521,4.060270869513889,2,0.06,4.166666666666666
2021-12-23,1.442,tencent_finance,1.127,0.315,0.00023076923076923076,historical,2021-12-10,2022-06-27,130,2022-06-27,2020-12-23,243,True,0,0.0,0.058473105842,4.055000405131762,2,0.06,4.160887656033287
2021-12-24,1.437,tencent_finance,1.122,0.315,0.00023076923076923076,historical,2021-12-10,2022-06-27,130,2022-06-27,2020-12-24,243,True,0,0.0,0.058478311163,4.069471897216423,2,0.06,4.175365344467641
2021-12-27,1.444,tencent_finance,1.129,0.315,0.00023076923076923076,historical,2021-12-10,2022-06-27,130,2022-06-27,2020-12-27,243,True,0,0.0,0.058483516484,4.0501050196675905,2,0.06,4.1551246537396125
2021-12-28,1.439,tencent_finance,1.124,0.315,0.00023076923076923076,historical,2021-12-10,2022-06-27,130,2022-06-27,2020-12-28,243,True,0,0.0,0.058488721805,4.064539388811674,2,0.06,4.169562195969423
2021-12-29,1.438,tencent_finance,1.123,0.315,0.00023076923076923076,historical,2021-12-10,2022-06-27,130,2022-06-27,2020-12-29,243,True,0,0.0,0.058493927126,4.067727894714882,2,0.06,4.172461752433936
2021-12-30,1.439,tencent_finance,1.124,0.315,0.00023076923076923076,historical,2021-12-10,2022-06-27,130,2022-06-27,2020-12-30,243,True,0,0.0,0.058499132447,4.065262852466991,2,0.06,4.169562195969423
2021-12-31,1.452,tencent_finance,1.137,0.315,0.00023076923076923076,historical,2021-12-10,2022-06-27,130,2022-06-27,2020-12-31,243,True,0,0.0,0.058504337767,4.029224364118457,2,0.06,4.132231404958678
2022-01-04,1.466,tencent_finance,1.151,0.315,0.00023076923076923076,historical,2021-12-10,2022-06-27,130,2022-06-27,2021-01-04,243,True,0,0.0,0.058509543088,3.991101165620737,2,0.06,4.092769440654843
2022-01-05,1.465,tencent_finance,1.15,0.315,0.00023076923076923076,historical,2021-12-10,2022-06-27,130,2022-06-27,2021-01-05,243,True,0,0.0,0.058514748409,3.9941807787713306,2,0.06,4.09556313993174
2022-01-06,1.47,tencent_finance,1.155,0.315,0.00023076923076923076,historical,2021-12-10,2022-06-27,130,2022-06-27,2021-01-06,243,True,0,0.0,0.05851995373,3.9809492333333334,2,0.06,4.081632653061225
2022-01-07,1.472,tencent_finance,1.157,0.315,0.00023076923076923076,historical,2021-12-10,2022-06-27,130,2022-06-27,2021-01-07,243,True,0,0.0,0.058525159051,3.9758939572690224,2,0.06,4.076086956521739
2022-01-10,1.487,tencent_finance,1.172,0.315,0.00023076923076923076,historical,2021-12-10,2022-06-27,130,2022-06-27,2021-01-10,243,True,0,0.0,0.058530364372,3.9361374829858775,2,0.06,4.034969737726966
2022-01-11,1.499,tencent_finance,1.184,0.315,0.00023076923076923076,historical,2021-12-10,2022-06-27,130,2022-06-27,2021-01-11,243,True,0,0.0,0.058535569693,3.9049746292861904,2,0.06,4.00266844563042
2022-01-12,1.49,tencent_finance,1.175,0.315,0.00023076923076923076,historical,2021-12-10,2022-06-27,130,2022-06-27,2021-01-12,243,True,0,0.0,0.058540775014,3.9289110747651006,2,0.06,4.026845637583892
2022-01-13,1.485,tencent_finance,1.17,0.315,0.00023076923076923076,historical,2021-12-10,2022-06-27,130,2022-06-27,2021-01-13,243,True,0,0.0,0.058545980335,3.942490258249158,2,0.06,4.04040404040404
2022-01-14,1.46,tencent_finance,1.145,0.315,0.00023076923076923076,historical,2021-12-10,2022-06-27,130,2022-06-27,2021-01-14,243,True,0,0.0,0.058551185656,4.0103551819178085,2,0.06,4.10958904109589
2022-01-17,1.465,tencent_finance,1.15,0.315,0.00023076923076923076,historical,2021-12-10,2022-06-27,130,2022-06-27,2021-01-17,243,True,0,0.0,0.058556390977,3.9970232748805454,2,0.06,4.09556313993174
2022-01-18,1.478,tencent_finance,1.163,0.315,0.00023076923076923076,historical,2021-12-10,2022-06-27,130,2022-06-27,2021-01-18,243,True,0,0.0,0.058561596298,3.962218964682003,2,0.06,4.059539918809202
2022-01-19,1.489,tencent_finance,1.174,0.315,0.00023076923076923076,historical,2021-12-10,2022-06-27,130,2022-06-27,2021-01-19,243,True,0,0.0,0.058566801619,3.9332976238415043,2,0.06,4.029550033579583
2022-01-20,1.483,tencent_finance,1.168,0.315,0.00023076923076923076,historical,2021-12-10,2022-06-27,130,2022-06-27,2021-01-20,243,True,0,0.0,0.05857200694,3.9495621672285903,2,0.06,4.045853000674309
2022-01-21,1.472,tencent_finance,1.157,0.315,0.00023076923076923076,historical,2021-12-10,2022-06-27,130,2022-06-27,2021-01-21,243,True,0,0.0,0.058577212261,3.979430180774457,2,0.06,4.076086956521739
2022-01-24,1.467,tencent_finance,1.152,0.315,0.00023076923076923076,historical,2021-12-10,2022-06-27,130,2022-06-27,2021-01-24,243,True,0,0.0,0.058582417582,3.993348165098841,2,0.06,4.089979550102249
2022-01-25,1.417,tencent_finance,1.102,0.315,0.00023076923076923076,historical,2021-12-10,2022-06-27,130,2022-06-27,2021-01-25,243,True,0,0.0,0.058587622903,4.134624058080451,2,0.06,4.234297812279463
2022-01-26,1.423,tencent_finance,1.108,0.315,0.00023076923076923076,historical,2021-12-10,2022-06-27,130,2022-06-27,2021-01-26,243,True,0,0.0,0.058592828224,4.117556445818693,2,0.06,4.2164441321152495
2022-01-27,1.409,tencent_finance,1.094,0.315,0.00023076923076923076,historical,2021-12-10,2022-06-27,130,2022-06-27,2021-01-27,243,True,0,0.0,0.058598033545,4.158838434705465,2,0.06,4.258339247693399
2022-01-28,1.41,tencent_finance,1.095,0.315,0.00023076923076923076,historical,2021-12-10,2022-06-27,130,2022-06-27,2021-01-28,243,True,0,0.0,0.058603238866,4.156258075602837,2,0.06,4.25531914893617
2022-02-07,1.433,tencent_finance,1.118,0.315,0.00023076923076923076,historical,2021-12-10,2022-06-27,130,2022-06-27,2021-02-07,238,True,0,0.0,0.057480624639,4.011208976901605,2,0.06,4.18702023726448
2022-02-08,1.465,tencent_finance,1.15,0.315,0.00023076923076923076,historical,2021-12-10,2022-06-27,130,2022-06-27,2021-02-08,238,True,0,0.0,0.05748582996,3.9239474375426617,2,0.06,4.09556313993174
2022-02-09,1.471,tencent_finance,1.156,0.315,0.00023076923076923076,historical,2021-12-10,2022-06-27,130,2022-06-27,2021-02-09,238,True,0,0.0,0.057491035281,3.908296076206662,2,0.06,4.07885791978246
2022-02-10,1.487,tencent_finance,1.172,0.315,0.00023076923076923076,historical,2021-12-10,2022-06-27,130,2022-06-27,2021-02-10,238,True,0,0.0,0.057496240602,3.866593181035642,2,0.06,4.034969737726966
2022-02-11,1.485,tencent_finance,1.17,0.315,0.00023076923076923076,historical,2021-12-10,2022-06-27,130,2022-06-27,2021-02-11,239,True,0,0.0,0.057727009832,3.887340729427609,2,0.06,4.04040404040404
2022-02-14,1.462,tencent_finance,1.147,0.315,0.00023076923076923076,historical,2021-12-10,2022-06-27,130,2022-06-27,2021-02-14,240,True,0,0.0,0.057957779063,3.964280373666211,2,0.06,4.1039671682626535
2022-02-15,1.455,tencent_finance,1.14,0.315,0.00023076923076923076,historical,2021-12-10,2022-06-27,130,2022-06-27,2021-02-15,241,True,0,0.0,0.058188548294,3.999212941168385,2,0.06,4.123711340206185
2022-02-16,1.47,tencent_finance,1.155,0.315,0.00023076923076923076,historical,2021-12-10,2022-06-27,130,2022-06-27,2021-02-16,242,True,0,0.0,0.058419317525,3.974103232993197,2,0.06,4.081632653061225
2022-02-17,1.465,tencent_finance,1.15,0.315,0.00023076923076923076,historical,2021-12-10,2022-06-27,130,2022-06-27,2021-02-17,243,True,0,0.0,0.058650086755,4.003418891126279,2,0.06,4.09556313993174
2022-02-18,1.489,tencent_finance,1.174,0.315,0.00023076923076923076,historical,2021-12-10,2022-06-27,130,2022-06-27,2021-02-18,243,True,0,0.0,0.058655292076,3.9392405692411017,2,0.06,4.029550033579583
2022-02-21,1.5,tencent_finance,1.185,0.315,0.00023076923076923076,historical,2021-12-10,2022-06-27,130,2022-06-27,2021-02-21,243,True,0,0.0,0.058660497397,3.910699826466667,2,0.06,4.0
2022-02-22,1.487,tencent_finance,1.172,0.315,0.00023076923076923076,historical,2021-12-10,2022-06-27,130,2022-06-27,2021-02-22,243,True,0,0.0,0.058665702718,3.945238918493611,2,0.06,4.034969737726966
2022-02-23,1.485,tencent_finance,1.17,0.315,0.00023076923076923076,historical,2021-12-10,2022-06-27,130,2022-06-27,2021-02-23,243,True,0,0.0,0.058670908039,3.9509028982491574,2,0.06,4.04040404040404
2022-02-24,1.457,tencent_finance,1.142,0.315,0.00023076923076923076,historical,2021-12-10,2022-06-27,130,2022-06-27,2021-02-24,243,True,0,0.0,0.05867611336,4.027186915579958,2,0.06,4.118050789293068
2022-02-25,1.453,tencent_finance,1.138,0.315,0.00023076923076923076,historical,2021-12-10,2022-06-27,130,2022-06-27,2021-02-25,243,True,0,0.0,0.058681318681,4.03863170550585,2,0.06,4.129387474191328
2022-02-28,1.454,tencent_finance,1.139,0.315,0.00023076923076923076,historical,2021-12-10,2022-06-27,130,2022-06-27,2021-02-28,243,True,0,0.0,0.058686524002,4.036212104676754,2,0.06,4.126547455295736
2022-03-01,1.469,tencent_finance,1.154,0.315,0.00023076923076923076,historical,2021-12-10,2022-06-27,130,2022-06-27,2021-03-01,243,True,0,0.0,0.058691729323,3.995352574744724,2,0.06,4.084411164057181
2022-03-02,1.478,tencent_finance,1.163,0.315,0.00023076923076923076,historical,2021-12-10,2022-06-27,130,2022-06-27,2021-03-02,243,True,0,0.0,0.058696934644,3.971375821650879,2,0.06,4.059539918809202
2022-03-03,1.492,tencent_finance,1.177,0.315,0.00023076923076923076,historical,2021-12-10,2022-06-27,130,2022-06-27,2021-03-03,243,True,0,0.0,0.058702139965,3.9344597831769432,2,0.06,4.021447721179625
2022-03-04,1.484,tencent_finance,1.169,0.315,0.00023076923076923076,historical,2021-12-10,2022-06-27,130,2022-06-27,2021-03-04,243,True,0,0.0,0.058707345286,3.9560205718328842,2,0.06,4.0431266846361185
2022-03-07,1.468,tencent_finance,1.153,0.315,0.00023076923076923076,historical,2021-12-10,2022-06-27,130,2022-06-27,2021-03-07,243,True,0,0.0,0.058712550607,3.999492548160763,2,0.06,4.087193460490464
2022-03-08,1.425,tencent_finance,1.11,0.315,0.00023076923076923076,historical,2021-12-10,2022-06-27,130,2022-06-27,2021-03-08,243,True,0,0.0,0.058717755928,4.120544275649123,2,0.06,4.2105263157894735
2022-03-09,1.403,tencent_finance,1.088,0.315,0.00023076923076923076,historical,2021-12-10,2022-06-27,130,2022-06-27,2021-03-09,243,True,0,0.0,0.058722961249,4.18552824297933,2,0.06,4.276550249465431
2022-03-10,1.42,tencent_finance,1.105,0.315,0.00023076923076923076,historical,2021-12-10,2022-06-27,130,2022-06-27,2021-03-10,243,True,0,0.0,0.05872816657,4.135786378169014,2,0.06,4.225352112676056
2022-03-11,1.428,tencent_finance,1.113,0.315,0.00023076923076923076,historical,2021-12-10,2022-06-27,130,2022-06-27,2021-03-11,243,True,0,0.0,0.058733371891,4.112981224859944,2,0.06,4.201680672268908
2022-03-14,1.405,tencent_finance,1.09,0.315,0.00023076923076923076,historical,2021-12-10,2022-06-27,130,2022-06-27,2021-03-14,243,True,0,0.0,0.058738577212,4.180681652099644,2,0.06,4.270462633451957
2022-03-15,1.307,tencent_finance,0.992,0.315,0.00023076923076923076,historical,2021-12-10,2022-06-27,130,2022-06-27,2021-03-15,243,True,0,0.0,0.058743782533,4.494551073680183,2,0.06,4.590665646518746
2022-03-16,1.345,tencent_finance,1.03,0.315,0.00023076923076923076,historical,2021-12-10,2022-06-27,130,2022-06-27,2021-03-16,243,True,0,0.0,0.058748987854,4.367954487286245,2,0.06,4.4609665427509295
2022-03-17,1.369,tencent_finance,1.054,0.315,0.00023076923076923076,historical,2021-12-10,2022-06-27,130,2022-06-27,2021-03-17,243,True,0,0.0,0.058754193175,4.291759910518627,2,0.06,4.382761139517896
2022-03-18,1.401,tencent_finance,1.086,0.315,0.00023076923076923076,historical,2021-12-10,2022-06-27,130,2022-06-27,2021-03-18,243,True,0,0.0,0.058759398496,4.194104103925767,2,0.06,4.282655246252676
2022-03-21,1.406,tencent_finance,1.091,0.315,0.00023076923076923076,historical,2021-12-10,2022-06-27,130,2022-06-27,2021-03-21,243,True,0,0.0,0.058764603817,4.179559304196302,2,0.06,4.2674253200568995
2022-03-22,1.431,tencent_finance,1.116,0.315,0.00023076923076923076,historical,2021-12-10,2022-06-27,130,2022-06-27,2021-03-22,243,True,0,0.0,0.058769809138,4.106904901327742,2,0.06,4.192872117400419
2022-03-23,1.436,tencent_finance,1.121,0.315,0.00023076923076923076,historical,2021-12-10,2022-06-27,130,2022-06-27,2021-03-23,243,True,0,0.0,0.058775014459,4.092967580710306,2,0.06,4.178272980501393
2022-03-24,1.431,tencent_finance,1.116,0.315,0.00023076923076923076,historical,2021-12-10,2022-06-27,130,2022-06-27,2021-03-24,243,True,0,0.0,0.05878021978,4.107632409503843,2,0.06,4.192872117400419
2022-03-25,1.431,tencent_finance,1.116,0.315,0.00023076923076923076,historical,2021-12-10,2022-06-27,130,2022-06-27,2021-03-25,243,True,0,0.0,0.058785425101,4.107996163591894,2,0.06,4.192872117400419
2022-03-28,1.447,tencent_finance,1.132,0.315,0.00023076923076923076,historical,2021-12-10,2022-06-27,130,2022-06-27,2021-03-28,243,True,0,0.0,0.058790630422,4.062932302833448,2,0.06,4.146510020732549
2022-03-29,1.443,tencent_finance,1.128,0.315,0.00023076923076923076,historical,2021-12-10,2022-06-27,130,2022-06-27,2021-03-29,243,True,0,0.0,0.058795835743,4.074555491545391,2,0.06,4.158004158004157
2022-03-30,1.459,tencent_finance,1.144,0.315,0.00023076923076923076,historical,2021-12-10,2022-06-27,130,2022-06-27,2021-03-30,243,True,0,0.0,0.058801041064,4.030228996847155,2,0.06,4.112405757368061
2022-03-31,1.479,tencent_finance,1.164,0.315,0.00023076923076923076,historical,2021-12-10,2022-06-27,130,2022-06-27,2021-03-31,243,True,0,0.0,0.058806246385,3.9760815676132517,2,0.06,4.056795131845841
2022-04-01,1.493,tencent_finance,1.178,0.315,0.00023076923076923076,historical,2021-12-10,2022-06-27,130,2022-06-27,2021-04-01,243,True,0,0.0,0.058811451706,3.9391461290020096,2,0.06,4.018754186202276
2022-04-06,1.517,tencent_finance,1.202,0.315,0.00023076923076923076,historical,2021-12-10,2022-06-27,130,2022-06-27,2021-04-06,242,True,0,0.0,0.058591093117,3.862300139551747,2,0.06,3.955174686882004
2022-04-07,1.488,tencent_finance,1.173,0.315,0.00023076923076923076,historical,2021-12-10,2022-06-27,130,2022-06-27,2021-04-07,242,True,0,0.0,0.058596298438,3.9379232821236556,2,0.06,4.032258064516129
2022-04-08,1.505,tencent_finance,1.19,0.315,0.00023076923076923076,historical,2021-12-10,2022-06-27,130,2022-06-27,2021-04-08,242,True,0,0.0,0.058601503759,3.8937876251827244,2,0.06,3.98671096345515
2022-04-11,1.475,tencent_finance,1.16,0.315,0.00023076923076923076,historical,2021-12-10,2022-06-27,130,2022-06-27,2021-04-11,242,True,0,0.0,0.05860670908,3.973336208813559,2,0.06,4.067796610169491
2022-04-12,1.465,tencent_finance,1.15,0.315,0.00023076923076923076,historical,2021-12-10,2022-06-27,130,2022-06-27,2021-04-12,242,True,0,0.0,0.058611914401,4.0008132696928325,2,0.06,4.09556313993174
2022-04-13,1.465,tencent_finance,1.15,0.315,0.00023076923076923076,historical,2021-12-10,2022-06-27,130,2022-06-27,2021-04-13,242,True,0,0.0,0.058617119722,4.001168581706485,2,0.06,4.09556313993174
2022-04-14,1.497,tencent_finance,1.182,0.315,0.00023076923076923076,historical,2021-12-10,2022-06-27,130,2022-06-27,2021-04-14,242,True,0,0.0,0.058622325043,3.915986976820307,2,0.06,4.008016032064128
2022-04-15,1.492,tencent_finance,1.177,0.315,0.00023076923076923076,historical,2021-12-10,2022-06-27,130,2022-06-27,2021-04-15,242,True,0,0.0,0.058627530364,3.929459139678284,2,0.06,4.021447721179625
2022-04-18,1.469,tencent_finance,1.154,0.315,0.00023076923076923076,historical,2021-12-10,2022-06-27,130,2022-06-27,2021-04-18,242,True,0,0.0,0.058632735685,3.9913366701837982,2,0.06,4.084411164057181
2022-04-19,1.489,tencent_finance,1.174,0.315,0.00023076923076923076,historical,2021-12-10,2022-06-27,130,2022-06-27,2021-04-19,242,True,0,0.0,0.058637941006,3.9380752858294157,2,0.06,4.029550033579583
2022-04-20,1.445,tencent_finance,1.13,0.315,0.00023076923076923076,historical,2021-12-10,2022-06-27,130,2022-06-27,2021-04-20,242,True,0,0.0,0.058643146327,4.058349226782006,2,0.06,4.1522491349480966
2022-04-21,1.418,tencent_finance,1.103,0.315,0.00023076923076923076,historical,2021-12-10,2022-06-27,130,2022-06-27,2021-04-21,242,True,0,0.0,0.058648351648,4.135990948377997,2,0.06,4.2313117066290555
2022-04-22,1.43,tencent_finance,1.115,0.315,0.00023076923076923076,historical,2021-12-10,2022-06-27,130,2022-06-27,2021-04-22,242,True,0,0.0,0.058653556969,4.101647340489511,2,0.06,4.195804195804196
2022-04-25,1.372,tencent_finance,1.057,0.315,0.00023076923076923076,historical,2021-12-10,2022-06-27,130,2022-06-27,2021-04-25,242,True,0,0.0,0.05865876229,4.275419991982507,2,0.06,4.373177842565598
2022-04-26,1.331,tencent_finance,1.016,0.315,0.00023076923076923076,historical,2021-12-10,2022-06-27,130,2022-06-27,2021-04-26,242,True,0,0.0,0.058663967611,4.407510714575507,2,0.06,4.507888805409467
2022-04-27,1.35,tencent_finance,1.035,0.315,0.00023076923076923076,historical,2021-12-10,2022-06-27,130,2022-06-27,2021-04-27,242,True,0,0.0,0.058669172932,4.345864661629629,2,0.06,4.444444444444444
2022-04-28,1.361,tencent_finance,1.046,0.315,0.00023076923076923076,historical,2021-12-10,2022-06-27,130,2022-06-27,2021-04-28,242,True,0,0.0,0.058674378253,4.311122575532697,2,0.06,4.40852314474651
2022-04-29,1.4,tencent_finance,1.085,0.315,0.00023076923076923076,historical,2021-12-10,2022-06-27,130,2022-06-27,2021-04-29,242,True,0,0.0,0.058679583574,4.191398826714286,2,0.06,4.285714285714286
2022-05-05,1.41,tencent_finance,1.095,0.315,0.00023076923076923076,historical,2021-12-10,2022-06-27,130,2022-06-27,2021-05-05,242,True,0,0.0,0.058684788895,4.1620417656028375,2,0.06,4.25531914893617
2022-05-06,1.377,tencent_finance,1.062,0.315,0.00023076923076923076,historical,2021-12-10,2022-06-27,130,2022-06-27,2021-05-06,242,True,0,0.0,0.058689994216,4.2621637048656495,2,0.06,4.357298474945534
2022-05-09,1.376,tencent_finance,1.061,0.315,0.00023076923076923076,historical,2021-12-10,2022-06-27,130,2022-06-27,2021-05-09,242,True,0,0.0,0.058695199537,4.265639501235465,2,0.06,4.3604651162790695
2022-05-10,1.378,tencent_finance,1.063,0.315,0.00023076923076923076,historical,2021-12-10,2022-06-27,130,2022-06-27,2021-05-10,242,True,0,0.0,0.058700404858,4.259826187082729,2,0.06,4.354136429608127
2022-05-11,1.376,tencent_finance,1.061,0.315,0.00023076923076923076,historical,2021-12-10,2022-06-27,130,2022-06-27,2021-05-11,242,True,0,0.0,0.058705610179,4.266396088590117,2,0.06,4.3604651162790695
2022-05-12,1.374,tencent_finance,1.059,0.315,0.00023076923076923076,historical,2021-12-10,2022-06-27,130,2022-06-27,2021-05-12,242,True,0,0.0,0.0587108155,4.272985116448326,2,0.06,4.366812227074235
2022-05-13,1.407,tencent_finance,1.092,0.315,0.00023076923076923076,historical,2021-12-10,2022-06-27,130,2022-06-27,2021-05-13,242,True,0,0.0,0.058716020821,4.173135808173418,2,0.06,4.264392324093817
2022-05-16,1.426,tencent_finance,1.111,0.315,0.00023076923076923076,historical,2021-12-10,2022-06-27,130,2022-06-27,2021-05-16,242,True,0,0.0,0.058721226142,4.117898046423562,2,0.06,4.207573632538569
2022-05-17,1.416,tencent_finance,1.101,0.315,0.00023076923076923076,historical,2021-12-10,2022-06-27,130,2022-06-27,2021-05-17,242,True,0,0.0,0.058726431463,4.147346854731639,2,0.06,4.23728813559322
2022-05-18,1.408,tencent_finance,1.093,0.315,0.00023076923076923076,historical,2021-12-10,2022-06-27,130,2022-06-27,2021-05-18,242,True,0,0.0,0.058731636784,4.171281021590909,2,0.06,4.261363636363637
2022-05-19,1.411,tencent_finance,1.096,0.315,0.00023076923076923076,historical,2021-12-10,2022-06-27,130,2022-06-27,2021-05-19,242,True,0,0.0,0.058736842105,4.16278115556343,2,0.06,4.252303330970943
2022-05-20,1.425,tencent_finance,1.11,0.315,0.00023076923076923076,historical,2021-12-10,2022-06-27,130,2022-06-27,2021-05-20,242,True,0,0.0,0.058742047426,4.122248942175438,2,0.06,4.2105263157894735
2022-05-23,1.428,tencent_finance,1.113,0.315,0.00023076923076923076,historical,2021-12-10,2022-06-27,130,2022-06-27,2021-05-23,242,True,0,0.0,0.058747252747,4.11395327359944,2,0.06,4.201680672268908
2022-05-24,1.396,tencent_finance,1.081,0.315,0.00023076923076923076,historical,2021-12-10,2022-06-27,130,2022-06-27,2021-05-24,242,True,0,0.0,0.058752458068,4.208628801432665,2,0.06,4.2979942693409745
2022-05-25,1.416,tencent_finance,1.101,0.315,0.00023076923076923076,historical,2021-12-10,2022-06-27,130,2022-06-27,2021-05-25,242,True,0,0.0,0.058757663389,4.149552499223164,2,0.06,4.23728813559322
2022-05-26,1.431,tencent_finance,1.116,0.315,0.00023076923076923076,historical,2021-12-10,2022-06-27,130,2022-06-27,2021-05-26,242,True,0,0.0,0.05876286871,4.106419895877009,2,0.06,4.192872117400419
2022-05-27,1.431,tencent_finance,1.116,0.315,0.00023076923076923076,historical,2021-12-10,2022-06-27,130,2022-06-27,2021-05-27,242,True,0,0.0,0.058768074031,4.106783649965059,2,0.06,4.192872117400419
2022-05-30,1.431,tencent_finance,1.116,0.315,0.00023076923076923076,historical,2021-12-10,2022-06-27,130,2022-06-27,2021-05-30,242,True,0,0.0,0.058773279352,4.1071474040531095,2,0.06,4.192872117400419
2022-05-31,1.433,tencent_finance,1.118,0.315,0.00023076923076923076,historical,2021-12-10,2022-06-27,130,2022-06-27,2021-05-31,242,True,0,0.0,0.058778484673,4.101778414026517,2,0.06,4.18702023726448
2022-06-01,1.439,tencent_finance,1.124,0.315,0.00023076923076923076,historical,2021-12-10,2022-06-27,130,2022-06-27,2021-06-01,242,True,0,0.0,0.058783689994,4.085037525642807,2,0.06,4.169562195969423
2022-06-02,1.43,tencent_finance,1.115,0.315,0.00023076923076923076,historical,2021-12-10,2022-06-27,130,2022-06-27,2021-06-02,242,True,0,0.0,0.058788895315,4.11111156048951,2,0.06,4.195804195804196
2022-06-06,1.434,tencent_finance,1.119,0.315,0.00023076923076923076,historical,2021-12-10,2022-06-27,130,2022-06-27,2021-06-06,241,True,0,0.0,0.058568536726,4.084277317015342,2,0.06,4.184100418410042
2022-06-07,1.44,tencent_finance,1.125,0.315,0.00023076923076923076,historical,2021-12-10,2022-06-27,130,2022-06-27,2021-06-07,241,True,0,0.0,0.058573742047,4.067620975486111,2,0.06,4.166666666666666
2022-06-08,1.452,tencent_finance,1.137,0.315,0.00023076923076923076,historical,2021-12-10,2022-06-27,130,2022-06-27,2021-06-08,241,True,0,0.0,0.058578947368,4.034362766391184,2,0.06,4.132231404958678
2022-06-09,1.447,tencent_finance,1.132,0.315,0.00023076923076923076,historical,2021-12-10,2022-06-27,130,2022-06-27,2021-06-09,241,True,0,0.0,0.058584152689,4.048662936351071,2,0.06,4.146510020732549
2022-06-10,1.46,tencent_finance,1.145,0.315,0.00023076923076923076,historical,2021-12-10,2022-06-27,130,2022-06-27,2021-06-10,241,True,0,0.0,0.05858935801,4.0129697267123285,2,0.06,4.10958904109589
2022-06-13,1.443,tencent_finance,1.128,0.315,0.00023076923076923076,historical,2021-12-10,2022-06-27,130,2022-06-27,2021-06-13,241,True,0,0.0,0.058594563331,4.060607299445599,2,0.06,4.158004158004157
2022-06-14,1.462,tencent_finance,1.147,0.315,0.00023076923076923076,historical,2021-12-10,2022-06-27,130,2022-06-27,2021-06-14,242,True,0,0.0,0.058825332562,4.023620558276334,2,0.06,4.1039671682626535
2022-06-15,1.461,tencent_finance,1.146,0.315,0.00023076923076923076,historical,2021-12-10,2022-06-27,130,2022-06-27,2021-06-15,242,True,0,0.0,0.058830537883,4.026730861259412,2,0.06,4.1067761806981515
2022-06-16,1.443,tencent_finance,1.128,0.315,0.00023076923076923076,historical,2021-12-10,2022-06-27,130,2022-06-27,2021-06-16,242,True,0,0.0,0.058835743204,4.0773210813582805,2,0.06,4.158004158004157
2022-06-17,1.444,tencent_finance,1.129,0.315,0.00023076923076923076,historical,2021-12-10,2022-06-27,130,2022-06-27,2021-06-17,242,True,0,0.0,0.058840948525,4.074857931094183,2,0.06,4.1551246537396125
2022-06-20,1.437,tencent_finance,1.122,0.315,0.00023076923076923076,historical,2021-12-10,2022-06-27,130,2022-06-27,2021-06-20,242,True,0,0.0,0.058846153846,4.095069857063327,1,0.03,2.0876826722338206
2022-06-21,1.441,tencent_finance,1.126,0.315,0.00023076923076923076,historical,2021-12-10,2022-06-27,130,2022-06-27,2021-06-21,242,True,0,0.0,0.058820512821,4.0819231659264394,1,0.03,2.0818875780707837
2022-06-22,1.425,tencent_finance,1.11,0.315,0.00023076923076923076,historical,2021-12-10,2022-06-27,130,2022-06-27,2021-06-22,242,True,0,0.0,0.058794871795,4.125955915438596,1,0.03,2.1052631578947367
2022-06-23,1.441,tencent_finance,1.126,0.315,0.00023076923076923076,historical,2021-12-10,2022-06-27,130,2022-06-27,2021-06-23,242,True,0,0.0,0.058769230769,4.078364383691881,1,0.03,2.0818875780707837
2022-06-24,1.442,tencent_finance,1.127,0.315,0.00023076923076923076,historical,2021-12-10,2022-06-27,130,2022-06-27,2021-06-24,242,True,0,0.0,0.058743589744,4.073757957281553,1,0.03,2.0804438280166435
2022-06-27,1.426,tencent_finance,1.141,0.285,0.00023076923076923076,historical,2021-12-10,2022-06-27,130,2022-06-27,2021-06-27,242,True,0,0.0,0.058717948718,4.117668213043478,2,0.06,4.207573632538569
2022-06-28,1.436,tencent_finance,1.151,0.285,0.0002857142857142857,historical,2022-06-28,2022-11-29,105,2022-11-29,2021-06-28,242,True,0,0.0,0.058747252747,4.091034313857939,2,0.06,4.178272980501393
2022-06-29,1.433,tencent_finance,1.148,0.285,0.0002857142857142857,historical,2022-06-28,2022-11-29,105,2022-11-29,2021-06-29,242,True,0,0.0,0.058776556777,4.101643878367062,2,0.06,4.18702023726448
2022-06-30,1.438,tencent_finance,1.153,0.285,0.0002857142857142857,historical,2022-06-28,2022-11-29,105,2022-11-29,2021-06-30,242,True,0,0.0,0.058805860806,4.089420083866481,2,0.06,4.172461752433936
2022-07-01,1.44,tencent_finance,1.155,0.285,0.0002857142857142857,historical,2022-06-28,2022-11-29,105,2022-11-29,2021-07-01,242,True,0,0.0,0.058835164835,4.0857753357638895,2,0.06,4.166666666666666
2022-07-04,1.444,tencent_finance,1.159,0.285,0.0002857142857142857,historical,2022-06-28,2022-11-29,105,2022-11-29,2021-07-04,242,True,0,0.0,0.058864468864,4.076486763434904,2,0.06,4.1551246537396125
2022-07-05,1.448,tencent_finance,1.163,0.285,0.0002857142857142857,historical,2022-06-28,2022-11-29,105,2022-11-29,2021-07-05,242,True,0,0.0,0.058893772894,4.067249509254144,2,0.06,4.143646408839778
2022-07-06,1.422,tencent_finance,1.137,0.285,0.0002857142857142857,historical,2022-06-28,2022-11-29,105,2022-11-29,2021-07-06,242,True,0,0.0,0.058923076923,4.1436762955696205,2,0.06,4.219409282700422
2022-07-07,1.432,tencent_finance,1.147,0.285,0.0002857142857142857,historical,2022-06-28,2022-11-29,105,2022-11-29,2021-07-07,242,True,0,0.0,0.058952380952,4.116786379329609,2,0.06,4.189944134078212
2022-07-08,1.435,tencent_finance,1.15,0.285,0.0002857142857142857,historical,2022-06-28,2022-11-29,105,2022-11-29,2021-07-08,242,True,0,0.0,0.058981684982,4.110221949965156,2,0.06,4.181184668989546
2022-07-11,1.418,tencent_finance,1.133,0.285,0.0002857142857142857,historical,2022-06-28,2022-11-29,105,2022-11-29,2021-07-11,242,True,0,0.0,0.059010989011,4.1615648103667136,2,0.06,4.2313117066290555
2022-07-12,1.419,tencent_finance,1.134,0.285,0.0002857142857142857,historical,2022-06-28,2022-11-29,105,2022-11-29,2021-07-12,242,True,0,0.0,0.05904029304,4.1606971839323466,2,0.06,4.2283298097251585
2022-07-13,1.423,tencent_finance,1.138,0.285,0.0002857142857142857,historical,2022-06-28,2022-11-29,105,2022-11-29,2021-07-13,242,True,0,0.0,0.05906959707,4.151060932536894,2,0.06,4.2164441321152495
2022-07-14,1.41,tencent_finance,1.125,0.285,0.0002857142857142857,historical,2022-06-28,2022-11-29,105,2022-11-29,2021-07-14,242,True,0,0.0,0.059098901099,4.191411425460993,2,0.06,4.25531914893617
2022-07-15,1.386,tencent_finance,1.101,0.285,0.0002857142857142857,historical,2022-06-28,2022-11-29,105,2022-11-29,2021-07-15,242,True,0,0.0,0.059128205128,4.266104266089467,2,0.06,4.329004329004329
2022-07-18,1.413,tencent_finance,1.128,0.285,0.0002857142857142857,historical,2022-06-28,2022-11-29,105,2022-11-29,2021-07-18,242,True,0,0.0,0.059157509158,4.186660237650389,2,0.06,4.246284501061571
2022-07-19,1.418,tencent_finance,1.133,0.285,0.0002857142857142857,historical,2022-06-28,2022-11-29,105,2022-11-29,2021-07-19,242,True,0,0.0,0.059186813187,4.173964258603667,2,0.06,4.2313117066290555
2022-07-20,1.422,tencent_finance,1.137,0.285,0.0002857142857142857,historical,2022-06-28,2022-11-29,105,2022-11-29,2021-07-20,242,True,0,0.0,0.059216117216,4.164283911111111,2,0.06,4.219409282700422
2022-07-21,1.408,tencent_finance,1.123,0.285,0.0002857142857142857,historical,2022-06-28,2022-11-29,105,2022-11-29,2021-07-21,242,True,0,0.0,0.059245421245,4.207771395241478,2,0.06,4.261363636363637
2022-07-22,1.4,tencent_finance,1.115,0.285,0.0002857142857142857,historical,2022-06-28,2022-11-29,105,2022-11-29,2021-07-22,242,True,0,0.0,0.059274725275,4.233908948214286,2,0.06,4.285714285714286
2022-07-25,1.399,tencent_finance,1.114,0.285,0.0002857142857142857,historical,2022-06-28,2022-11-29,105,2022-11-29,2021-07-25,242,True,0,0.0,0.059304029304,4.239029971694067,2,0.06,4.288777698355968
2022-07-26,1.417,tencent_finance,1.132,0.285,0.0002857142857142857,historical,2022-06-28,2022-11-29,105,2022-11-29,2021-07-26,242,True,0,0.0,0.059333333333,4.187250058786168,2,0.06,4.234297812279463
2022-07-27,1.418,tencent_finance,1.133,0.285,0.0002857142857142857,historical,2022-06-28,2022-11-29,105,2022-11-29,2021-07-27,242,True,0,0.0,0.059362637363,4.186363706840621,2,0.06,4.2313117066290555
2022-07-28,1.425,tencent_finance,1.14,0.285,0.0002857142857142857,historical,2022-06-28,2022-11-29,105,2022-11-29,2021-07-28,242,True,0,0.0,0.059391941392,4.167855536280701,2,0.06,4.2105263157894735
2022-07-29,1.415,tencent_finance,1.13,0.285,0.0002857142857142857,historical,2022-06-28,2022-11-29,105,2022-11-29,2021-07-29,242,True,0,0.0,0.059421245421,4.199381301837455,2,0.06,4.240282685512367
2022-08-01,1.419,tencent_finance,1.134,0.285,0.0002857142857142857,historical,2022-06-28,2022-11-29,105,2022-11-29,2021-08-01,242,True,0,0.0,0.059450549451,4.189608840803382,2,0.06,4.2283298097251585
2022-08-02,1.382,tencent_finance,1.097,0.285,0.0002857142857142857,historical,2022-06-28,2022-11-29,105,2022-11-29,2021-08-02,242,True,0,0.0,0.05947985348,4.303896778581766,2,0.06,4.341534008683069
2022-08-03,1.366,tencent_finance,1.081,0.285,0.0002857142857142857,historical,2022-06-28,2022-11-29,105,2022-11-29,2021-08-03,242,True,0,0.0,0.059509157509,4.356453697584187,2,0.06,4.39238653001464
2022-08-04,1.37,tencent_finance,1.085,0.285,0.0002857142857142857,historical,2022-06-28,2022-11-29,105,2022-11-29,2021-08-04,242,True,0,0.0,0.059538461538,4.345873104963503,2,0.06,4.3795620437956195
2022-08-05,1.38,tencent_finance,1.095,0.285,0.0002857142857142857,historical,2022-06-28,2022-11-29,105,2022-11-29,2021-08-05,242,True,0,0.0,0.059567765568,4.316504751304348,2,0.06,4.3478260869565215
2022-08-08,1.4,tencent_finance,1.115,0.285,0.0002857142857142857,historical,2022-06-28,2022-11-29,105,2022-11-29,2021-08-08,242,True,0,0.0,0.059597069597,4.256933542642857,2,0.06,4.285714285714286
2022-08-09,1.405,tencent_finance,1.12,0.285,0.0002857142857142857,historical,2022-06-28,2022-11-29,105,2022-11-29,2021-08-09,242,True,0,0.0,0.059626373626,4.2438700089679715,2,0.06,4.270462633451957
2022-08-10,1.4,tencent_finance,1.115,0.285,0.0002857142857142857,historical,2022-06-28,2022-11-29,105,2022-11-29,2021-08-10,242,True,0,0.0,0.059655677656,4.2611198325714295,2,0.06,4.285714285714286
2022-08-11,1.416,tencent_finance,1.131,0.285,0.0002857142857142857,historical,2022-06-28,2022-11-29,105,2022-11-29,2021-08-11,242,True,0,0.0,0.059684981685,4.215041079449152,2,0.06,4.23728813559322
2022-08-12,1.427,tencent_finance,1.142,0.285,0.0002857142857142857,historical,2022-06-28,2022-11-29,105,2022-11-29,2021-08-12,242,True,0,0.0,0.059714285714,4.184603063349685,2,0.06,4.204625087596356
2022-08-15,1.431,tencent_finance,1.146,0.285,0.0002857142857142857,historical,2022-06-28,2022-11-29,105,2022-11-29,2021-08-15,242,True,0,0.0,0.059743589744,4.174953860517121,2,0.06,4.192872117400419
2022-08-16,1.436,tencent_finance,1.151,0.285,0.0002857142857142857,historical,2022-06-28,2022-11-29,105,2022-11-29,2021-08-16,242,True,0,0.0,0.059772893773,4.162457783635098,2,0.06,4.178272980501393
2022-08-17,1.443,tencent_finance,1.158,0.285,0.0002857142857142857,historical,2022-06-28,2022-11-29,105,2022-11-29,2021-08-17,242,True,0,0.0,0.059802197802,4.144296451975052,2,0.06,4.158004158004157
2022-08-18,1.431,tencent_finance,1.146,0.285,0.0002857142857142857,historical,2022-06-28,2022-11-29,105,2022-11-29,2021-08-18,242,True,0,0.0,0.059831501832,4.181097262893081,2,0.06,4.192872117400419
2022-08-19,1.441,tencent_finance,1.156,0.285,0.0002857142857142857,historical,2022-06-28,2022-11-29,105,2022-11-29,2021-08-19,242,True,0,0.0,0.059860805861,4.154115604510756,2,0.06,4.1637751561415675
2022-08-22,1.452,tencent_finance,1.167,0.285,0.0002857142857142857,historical,2022-06-28,2022-11-29,105,2022-11-29,2021-08-22,242,True,0,0.0,0.05989010989,4.1246632155647385,2,0.06,4.132231404958678
2022-08-23,1.46,tencent_finance,1.175,0.285,0.0002857142857142857,historical,2022-06-28,2022-11-29,105,2022-11-29,2021-08-23,242,True,0,0.0,0.059919413919,4.104069446506849,2,0.06,4.10958904109589
2022-08-24,1.435,tencent_finance,1.15,0.285,0.0002857142857142857,historical,2022-06-28,2022-11-29,105,2022-11-29,2021-08-24,242,True,0,0.0,0.059948717949,4.177611006898955,2,0.06,4.181184668989546
2022-08-25,1.461,tencent_finance,1.176,0.285,0.0002857142857142857,historical,2022-06-28,2022-11-29,105,2022-11-29,2021-08-25,242,True,0,0.0,0.059978021978,4.105271867077344,2,0.06,4.1067761806981515
2022-08-26,1.454,tencent_finance,1.169,0.285,0.0002857142857142857,historical,2022-06-28,2022-11-29,105,2022-11-29,2021-08-26,242,True,0,0.0,0.060007326007,4.127051307221459,2,0.06,4.126547455295736
2022-08-29,1.466,tencent_finance,1.181,0.285,0.0002857142857142857,historical,2022-06-28,2022-11-29,105,2022-11-29,2021-08-29,242,True,0,0.0,0.060036630037,4.0952680789222375,2,0.06,4.092769440654843
2022-08-30,1.457,tencent_finance,1.172,0.285,0.0002857142857142857,historical,2022-06-28,2022-11-29,105,2022-11-29,2021-08-30,242,True,0,0.0,0.060065934066,4.122576119835278,2,0.06,4.118050789293068
2022-08-31,1.443,tencent_finance,1.158,0.285,0.0002857142857142857,historical,2022-06-28,2022-11-29,105,2022-11-29,2021-08-31,242,True,0,0.0,0.060095238095,4.164604164587664,2,0.06,4.158004158004157
2022-09-01,1.452,tencent_finance,1.167,0.285,0.0002857142857142857,historical,2022-06-28,2022-11-29,105,2022-11-29,2021-09-01,242,True,0,0.0,0.060124542125,4.140808686294766,2,0.06,4.132231404958678
2022-09-02,1.453,tencent_finance,1.168,0.285,0.0002857142857142857,historical,2022-06-28,2022-11-29,105,2022-11-29,2021-09-02,242,True,0,0.0,0.060153846154,4.139975647212664,2,0.06,4.129387474191328
2022-09-05,1.471,tencent_finance,1.186,0.285,0.0002857142857142857,historical,2022-06-28,2022-11-29,105,2022-11-29,2021-09-05,242,True,0,0.0,0.060183150183,4.091308646023113,2,0.06,4.07885791978246
2022-09-06,1.495,tencent_finance,1.21,0.285,0.0002857142857142857,historical,2022-06-28,2022-11-29,105,2022-11-29,2021-09-06,242,True,0,0.0,0.060212454212,4.027588910501672,2,0.06,4.013377926421404
2022-09-07,1.493,tencent_finance,1.208,0.285,0.0002857142857142857,historical,2022-06-28,2022-11-29,105,2022-11-29,2021-09-07,242,True,0,0.0,0.060241758242,4.034946968653717,2,0.06,4.018754186202276
2022-09-08,1.488,tencent_finance,1.203,0.285,0.0002857142857142857,historical,2022-06-28,2022-11-29,105,2022-11-29,2021-09-08,242,True,0,0.0,0.060271062271,4.050474614986559,2,0.06,4.032258064516129
2022-09-09,1.504,tencent_finance,1.219,0.285,0.0002857142857142857,historical,2022-06-28,2022-11-29,105,2022-11-29,2021-09-09,242,True,0,0.0,0.0603003663,4.00933286569149,2,0.06,3.9893617021276593
2022-09-13,1.495,tencent_finance,1.21,0.285,0.0002857142857142857,historical,2022-06-28,2022-11-29,105,2022-11-29,2021-09-13,241,True,0,0.0,0.060073260073,4.018278265752508,2,0.06,4.013377926421404
2022-09-14,1.481,tencent_finance,1.196,0.285,0.0002857142857142857,historical,2022-06-28,2022-11-29,105,2022-11-29,2021-09-14,241,True,0,0.0,0.060102564103,4.058242005604321,2,0.06,4.051316677920324
2022-09-15,1.482,tencent_finance,1.197,0.285,0.0002857142857142857,historical,2022-06-28,2022-11-29,105,2022-11-29,2021-09-15,241,True,0,0.0,0.060131868132,4.057480980566801,2,0.06,4.048582995951417
2022-09-16,1.435,tencent_finance,1.15,0.285,0.0002857142857142857,historical,2022-06-28,2022-11-29,105,2022-11-29,2021-09-16,241,True,0,0.0,0.060161172161,4.192416178466899,2,0.06,4.181184668989546
2022-09-19,1.435,tencent_finance,1.15,0.285,0.0002857142857142857,historical,2022-06-28,2022-11-29,105,2022-11-29,2021-09-19,241,True,0,0.0,0.06019047619,4.194458271080139,2,0.06,4.181184668989546
2022-09-20,1.438,tencent_finance,1.153,0.285,0.0002857142857142857,historical,2022-06-28,2022-11-29,105,2022-11-29,2021-09-20,242,True,0,0.0,0.060476190476,4.205576528233658,2,0.06,4.172461752433936
2022-09-21,1.451,tencent_finance,1.166,0.285,0.0002857142857142857,historical,2022-06-28,2022-11-29,105,2022-11-29,2021-09-21,243,True,0,0.0,0.060761904762,4.187588198621641,2,0.06,4.135079255685733
2022-09-22,1.447,tencent_finance,1.162,0.285,0.0002857142857142857,historical,2022-06-28,2022-11-29,105,2022-11-29,2021-09-22,243,True,0,0.0,0.060791208791,4.20118927373877,2,0.06,4.146510020732549
2022-09-23,1.432,tencent_finance,1.147,0.285,0.0002857142857142857,historical,2022-06-28,2022-11-29,105,2022-11-29,2021-09-23,243,True,0,0.0,0.060820512821,4.24724251543296,2,0.06,4.189944134078212
2022-09-26,1.41,tencent_finance,1.125,0.285,0.0002857142857142857,historical,2022-06-28,2022-11-29,105,2022-11-29,2021-09-26,243,True,0,0.0,0.06084981685,4.315589847517732,2,0.06,4.25531914893617
2022-09-27,1.424,tencent_finance,1.139,0.285,0.0002857142857142857,historical,2022-06-28,2022-11-29,105,2022-11-29,2021-09-27,243,True,0,0.0,0.060879120879,4.275219162851124,2,0.06,4.213483146067416
2022-09-28,1.407,tencent_finance,1.122,0.285,0.0002857142857142857,historical,2022-06-28,2022-11-29,105,2022-11-29,2021-09-28,243,True,0,0.0,0.060908424908,4.328956994171997,2,0.06,4.264392324093817
2022-09-29,1.401,tencent_finance,1.116,0.285,0.0002857142857142857,historical,2022-06-28,2022-11-29,105,2022-11-29,2021-09-29,243,True,0,0.0,0.060937728938,4.349588075517487,2,0.06,4.282655246252676
2022-09-30,1.409,tencent_finance,1.124,0.285,0.0002857142857142857,historical,2022-06-28,2022-11-29,105,2022-11-29,2021-09-30,243,True,0,0.0,0.060967032967,4.326971821646557,2,0.06,4.258339247693399
2022-10-10,1.405,tencent_finance,1.12,0.285,0.0002857142857142857,historical,2022-06-28,2022-11-29,105,2022-11-29,2021-10-10,243,True,0,0.0,0.060996336996,4.3413762986476865,2,0.06,4.270462633451957
2022-10-11,1.402,tencent_finance,1.117,0.285,0.0002857142857142857,historical,2022-06-28,2022-11-29,105,2022-11-29,2021-10-11,243,True,0,0.0,0.061025641026,4.352756135948645,2,0.06,4.279600570613409
2022-10-12,1.419,tencent_finance,1.134,0.285,0.0002857142857142857,historical,2022-06-28,2022-11-29,105,2022-11-29,2021-10-12,243,True,0,0.0,0.061054945055,4.302674070119802,2,0.06,4.2283298097251585
2022-10-13,1.41,tencent_finance,1.125,0.285,0.0002857142857142857,historical,2022-06-28,2022-11-29,105,2022-11-29,2021-10-13,243,True,0,0.0,0.061084249084,4.332216247092199,2,0.06,4.25531914893617
2022-10-14,1.426,tencent_finance,1.141,0.285,0.0002857142857142857,historical,2022-06-28,2022-11-29,105,2022-11-29,2021-10-14,243,True,0,0.0,0.061113553114,4.2856629112201965,2,0.06,4.207573632538569
2022-10-17,1.425,tencent_finance,1.14,0.285,0.0002857142857142857,historical,2022-06-28,2022-11-29,105,2022-11-29,2021-10-17,243,True,0,0.0,0.061142857143,4.290726817052631,2,0.06,4.2105263157894735
2022-10-18,1.426,tencent_finance,1.141,0.285,0.0002857142857142857,historical,2022-06-28,2022-11-29,105,2022-11-29,2021-10-18,243,True,0,0.0,0.061172161172,4.289772873211781,2,0.06,4.207573632538569
2022-10-19,1.416,tencent_finance,1.131,0.285,0.0002857142857142857,historical,2022-06-28,2022-11-29,105,2022-11-29,2021-10-19,243,True,0,0.0,0.061201465201,4.322137372951977,2,0.06,4.23728813559322
2022-10-20,1.402,tencent_finance,1.117,0.285,0.0002857142857142857,historical,2022-06-28,2022-11-29,105,2022-11-29,2021-10-20,243,True,0,0.0,0.061230769231,4.3673872490014265,2,0.06,4.279600570613409
2022-10-21,1.408,tencent_finance,1.123,0.285,0.0002857142857142857,historical,2022-06-28,2022-11-29,105,2022-11-29,2021-10-21,243,True,0,0.0,0.06126007326,4.350857475852274,2,0.06,4.261363636363637
2022-10-24,1.384,tencent_finance,1.099,0.285,0.0002857142857142857,historical,2022-06-28,2022-11-29,105,2022-11-29,2021-10-24,243,True,0,0.0,0.061289377289,4.4284232145231215,2,0.06,4.335260115606936
2022-10-25,1.373,tencent_finance,1.088,0.285,0.0002857142857142857,historical,2022-06-28,2022-11-29,105,2022-11-29,2021-10-25,243,True,0,0.0,0.061318681319,4.466036512672979,2,0.06,4.369992716678805
2022-10-26,1.373,tencent_finance,1.088,0.285,0.0002857142857142857,historical,2022-06-28,2022-11-29,105,2022-11-29,2021-10-26,243,True,0,0.0,0.061347985348,4.468170819227968,2,0.06,4.369992716678805
2022-10-27,1.375,tencent_finance,1.09,0.285,0.0002857142857142857,historical,2022-06-28,2022-11-29,105,2022-11-29,2021-10-27,243,True,0,0.0,0.061377289377,4.463802863781819,2,0.06,4.363636363636363
2022-10-28,1.34,tencent_finance,1.055,0.285,0.0002857142857142857,historical,2022-06-28,2022-11-29,105,2022-11-29,2021-10-28,243,True,0,0.0,0.061406593407,4.582581597537313,2,0.06,4.477611940298507
2022-10-31,1.318,tencent_finance,1.033,0.285,0.0002857142857142857,historical,2022-06-28,2022-11-29,105,2022-11-29,2021-10-31,243,True,0,0.0,0.061435897436,4.661297225796662,2,0.06,4.552352048558421
2022-11-01,1.338,tencent_finance,1.053,0.285,0.0002857142857142857,historical,2022-06-28,2022-11-29,105,2022-11-29,2021-11-01,243,True,0,0.0,0.061465201465,4.593811768684604,2,0.06,4.484304932735426
2022-11-02,1.355,tencent_finance,1.07,0.285,0.0002857142857142857,historical,2022-06-28,2022-11-29,105,2022-11-29,2021-11-02,243,True,0,0.0,0.061494505495,4.538339888929889,2,0.06,4.428044280442804
2022-11-03,1.349,tencent_finance,1.064,0.285,0.0002857142857142857,historical,2022-06-28,2022-11-29,105,2022-11-29,2021-11-03,243,True,0,0.0,0.061523809524,4.560697518458117,2,0.06,4.447739065974797
2022-11-04,1.373,tencent_finance,1.088,0.285,0.0002857142857142857,historical,2022-06-28,2022-11-29,105,2022-11-29,2021-11-04,243,True,0,0.0,0.061553113553,4.4831109652585575,2,0.06,4.369992716678805
2022-11-07,1.385,tencent_finance,1.1,0.285,0.0002857142857142857,historical,2022-06-28,2022-11-29,105,2022-11-29,2021-11-07,243,True,0,0.0,0.061582417582,4.446383940938628,2,0.06,4.332129963898916
2022-11-08,1.383,tencent_finance,1.098,0.285,0.0002857142857142857,historical,2022-06-28,2022-11-29,105,2022-11-29,2021-11-08,243,True,0,0.0,0.061611721612,4.454932871438901,2,0.06,4.3383947939262475
2022-11-09,1.387,tencent_finance,1.102,0.285,0.0002857142857142857,historical,2022-06-28,2022-11-29,105,2022-11-29,2021-11-09,243,True,0,0.0,0.061641025641,4.444197955371305,2,0.06,4.325883201153569
2022-11-10,1.386,tencent_finance,1.101,0.285,0.0002857142857142857,historical,2022-06-28,2022-11-29,105,2022-11-29,2021-11-10,243,True,0,0.0,0.06167032967,4.449518735209236,2,0.06,4.329004329004329
2022-11-11,1.417,tencent_finance,1.132,0.285,0.0002857142857142857,historical,2022-06-28,2022-11-29,105,2022-11-29,2021-11-11,243,True,0,0.0,0.0616996337,4.354243733239238,2,0.06,4.234297812279463
2022-11-14,1.419,tencent_finance,1.134,0.285,0.0002857142857142857,historical,2022-06-28,2022-11-29,105,2022-11-29,2021-11-14,243,True,0,0.0,0.061728937729,4.350171792036646,2,0.06,4.2283298097251585
2022-11-15,1.433,tencent_finance,1.148,0.285,0.0002857142857142857,historical,2022-06-28,2022-11-29,105,2022-11-29,2021-11-15,243,True,0,0.0,0.061758241758,4.309716800976971,2,0.06,4.18702023726448
2022-11-16,1.431,tencent_finance,1.146,0.285,0.0002857142857142857,historical,2022-06-28,2022-11-29,105,2022-11-29,2021-11-16,243,True,0,0.0,0.061787545788,4.317787965618448,2,0.06,4.192872117400419
2022-11-17,1.422,tencent_finance,1.137,0.285,0.0002857142857142857,historical,2022-06-28,2022-11-29,105,2022-11-29,2021-11-17,243,True,0,0.0,0.061816849817,4.347176499085795,2,0.06,4.219409282700422
2022-11-18,1.419,tencent_finance,1.134,0.285,0.0002857142857142857,historical,2022-06-28,2022-11-29,105,2022-11-29,2021-11-18,243,True,0,0.0,0.061846153846,4.358432265398168,2,0.06,4.2283298097251585
2022-11-21,1.414,tencent_finance,1.129,0.285,0.0002857142857142857,historical,2022-06-28,2022-11-29,105,2022-11-29,2021-11-21,243,True,0,0.0,0.061875457875,4.3759163985148515,2,0.06,4.243281471004243
2022-11-22,1.417,tencent_finance,1.132,0.285,0.0002857142857142857,historical,2022-06-28,2022-11-29,105,2022-11-29,2021-11-22,243,True,0,0.0,0.061904761905,4.368719965067043,2,0.06,4.234297812279463
2022-11-23,1.422,tencent_finance,1.137,0.285,0.0002857142857142857,historical,2022-06-28,2022-11-29,105,2022-11-29,2021-11-23,243,True,0,0.0,0.061934065934,4.355419545288326,2,0.06,4.219409282700422
2022-11-24,1.432,tencent_finance,1.147,0.285,0.0002857142857142857,historical,2022-06-28,2022-11-29,105,2022-11-29,2021-11-24,243,True,0,0.0,0.061963369963,4.327050975069833,2,0.06,4.189944134078212
2022-11-25,1.448,tencent_finance,1.163,0.285,0.0002857142857142857,historical,2022-06-28,2022-11-29,105,2022-11-29,2021-11-25,243,True,0,0.0,0.061992673993,4.28126201609116,2,0.06,4.143646408839778
2022-11-28,1.443,tencent_finance,1.158,0.285,0.0002857142857142857,historical,2022-06-28,2022-11-29,105,2022-11-29,2021-11-28,243,True,0,0.0,0.062021978022,4.298127375051974,2,0.06,4.158004158004157
2022-11-29,1.456,tencent_finance,1.201,0.255,0.0002857142857142857,historical,2022-06-28,2022-11-29,105,2022-11-29,2021-11-29,243,True,0,0.0,0.062051282051,4.2617638771291215,3,0.09,6.181318681318682
2022-11-30,1.448,tencent_finance,1.193,0.255,0.0002631578947368421,historical,2022-11-30,2023-06-16,133,2023-06-16,2021-11-30,243,True,0,0.0,0.06205802969,4.285775531077348,3,0.09,6.2154696132596685
2022-12-01,1.443,tencent_finance,1.188,0.255,0.0002631578947368421,historical,2022-11-30,2023-06-16,133,2023-06-16,2021-12-01,243,True,0,0.0,0.062064777328,4.30109336992377,3,0.09,6.237006237006237
2022-12-02,1.437,tencent_finance,1.182,0.255,0.0002631578947368421,historical,2022-11-30,2023-06-16,133,2023-06-16,2021-12-02,243,True,0,0.0,0.062071524966,4.3195215703549055,3,0.09,6.263048016701461
2022-12-05,1.457,tencent_finance,1.202,0.255,0.0002631578947368421,historical,2022-11-30,2023-06-16,133,2023-06-16,2021-12-05,243,True,0,0.0,0.062078272605,4.260691324982841,3,0.09,6.177076183939601
2022-12-06,1.451,tencent_finance,1.196,0.255,0.0002631578947368421,historical,2022-11-30,2023-06-16,133,2023-06-16,2021-12-06,243,True,0,0.0,0.062085020243,4.278774654927636,3,0.09,6.202618883528601
2022-12-07,1.446,tencent_finance,1.191,0.255,0.0002631578947368421,historical,2022-11-30,2023-06-16,133,2023-06-16,2021-12-07,243,True,0,0.0,0.062091767881,4.294036506293223,3,0.09,6.224066390041494
2022-12-08,1.449,tencent_finance,1.194,0.255,0.0002631578947368421,historical,2022-11-30,2023-06-16,133,2023-06-16,2021-12-08,243,True,0,0.0,0.06209851552,4.285611837129054,3,0.09,6.211180124223602
2022-12-09,1.46,tencent_finance,1.205,0.255,0.0002631578947368421,historical,2022-11-30,2023-06-16,133,2023-06-16,2021-12-09,243,True,0,0.0,0.062105263158,4.25378514780822,2,0.06,4.10958904109589
2022-12-12,1.44,tencent_finance,1.185,0.255,0.0002631578947368421,historical,2022-11-30,2023-06-16,133,2023-06-16,2021-12-12,243,True,0,0.0,0.062137651822,4.315114709861112,2,0.06,4.166666666666666
2022-12-13,1.436,tencent_finance,1.181,0.255,0.0002631578947368421,historical,2022-11-30,2023-06-16,133,2023-06-16,2021-12-13,243,True,0,0.0,0.062170040486,4.329390005988858,2,0.06,4.178272980501393
2022-12-14,1.428,tencent_finance,1.173,0.255,0.0002631578947368421,historical,2022-11-30,2023-06-16,133,2023-06-16,2021-12-14,243,True,0,0.0,0.06220242915,4.355912405462186,2,0.06,4.201680672268908
2022-12-15,1.417,tencent_finance,1.162,0.255,0.0002631578947368421,historical,2022-11-30,2023-06-16,133,2023-06-16,2021-12-15,243,True,0,0.0,0.062234817814,4.392012548623852,2,0.06,4.234297812279463
2022-12-16,1.43,tencent_finance,1.175,0.255,0.0002631578947368421,historical,2022-11-30,2023-06-16,133,2023-06-16,2021-12-16,243,True,0,0.0,0.062267206478,4.354350103356643,2,0.06,4.195804195804196
2022-12-19,1.404,tencent_finance,1.149,0.255,0.0002631578947368421,historical,2022-11-30,2023-06-16,133,2023-06-16,2021-12-19,243,True,0,0.0,0.062299595142,4.437293101282052,2,0.06,4.273504273504273
2022-12-20,1.388,tencent_finance,1.133,0.255,0.0002631578947368421,historical,2022-11-30,2023-06-16,133,2023-06-16,2021-12-20,243,True,0,0.0,0.062331983806,4.4907769312680115,2,0.06,4.322766570605188
2022-12-21,1.389,tencent_finance,1.134,0.255,0.0002631578947368421,historical,2022-11-30,2023-06-16,133,2023-06-16,2021-12-21,243,True,0,0.0,0.06236437247,4.489875627789776,2,0.06,4.319654427645788
2022-12-22,1.382,tencent_finance,1.127,0.255,0.0002631578947368421,historical,2022-11-30,2023-06-16,133,2023-06-16,2021-12-22,243,True,0,0.0,0.062396761134,4.514961008248915,2,0.06,4.341534008683069
2022-12-23,1.377,tencent_finance,1.122,0.255,0.0002631578947368421,historical,2022-11-30,2023-06-16,133,2023-06-16,2021-12-23,243,True,0,0.0,0.062429149798,4.533707320116195,2,0.06,4.357298474945534
2022-12-26,1.376,tencent_finance,1.121,0.255,0.0002631578947368421,historical,2022-11-30,2023-06-16,133,2023-06-16,2021-12-26,243,True,0,0.0,0.062461538462,4.5393559928779075,2,0.06,4.3604651162790695
2022-12-27,1.39,tencent_finance,1.135,0.255,0.0002631578947368421,historical,2022-11-30,2023-06-16,133,2023-06-16,2021-12-27,243,True,0,0.0,0.062493927126,4.49596598028777,2,0.06,4.316546762589928
2022-12-28,1.389,tencent_finance,1.134,0.255,0.0002631578947368421,historical,2022-11-30,2023-06-16,133,2023-06-16,2021-12-28,243,True,0,0.0,0.062526315789,4.501534614038877,2,0.06,4.319654427645788
2022-12-29,1.38,tencent_finance,1.125,0.255,0.0002631578947368421,historical,2022-11-30,2023-06-16,133,2023-06-16,2021-12-29,243,True,0,0.0,0.062558704453,4.533239453115943,2,0.06,4.3478260869565215
2022-12-30,1.387,tencent_finance,1.132,0.255,0.0002631578947368421,historical,2022-11-30,2023-06-16,133,2023-06-16,2021-12-30,243,True,0,0.0,0.062591093117,4.512695970944484,2,0.06,4.325883201153569
2023-01-03,1.395,tencent_finance,1.14,0.255,0.0002631578947368421,historical,2022-11-30,2023-06-16,133,2023-06-16,2022-01-03,243,True,0,0.0,0.062623481781,4.489138478924731,2,0.06,4.301075268817204
2023-01-04,1.408,tencent_finance,1.153,0.255,0.0002631578947368421,historical,2022-11-30,2023-06-16,133,2023-06-16,2022-01-04,243,True,0,0.0,0.062655870445,4.4499907986505685,2,0.06,4.261363636363637
2023-01-05,1.411,tencent_finance,1.156,0.255,0.0002631578947368421,historical,2022-11-30,2023-06-16,133,2023-06-16,2022-01-05,243,True,0,0.0,0.062688259109,4.442824883699504,2,0.06,4.252303330970943
2023-01-06,1.409,tencent_finance,1.154,0.255,0.0002631578947368421,historical,2022-11-30,2023-06-16,133,2023-06-16,2022-01-06,243,True,0,0.0,0.062720647773,4.451429934208659,2,0.06,4.258339247693399
2023-01-09,1.407,tencent_finance,1.152,0.255,0.0002631578947368421,historical,2022-11-30,2023-06-16,133,2023-06-16,2022-01-09,243,True,0,0.0,0.062753036437,4.460059448258707,2,0.06,4.264392324093817
2023-01-10,1.399,tencent_finance,1.144,0.255,0.0002631578947368421,historical,2022-11-30,2023-06-16,133,2023-06-16,2022-01-10,243,True,0,0.0,0.062785425101,4.487878849249465,2,0.06,4.288777698355968
2023-01-11,1.406,tencent_finance,1.151,0.255,0.0002631578947368421,historical,2022-11-30,2023-06-16,133,2023-06-16,2022-01-11,243,True,0,0.0,0.062817813765,4.4678388168563306,2,0.06,4.2674253200568995
2023-01-12,1.401,tencent_finance,1.146,0.255,0.0002631578947368421,historical,2022-11-30,2023-06-16,133,2023-06-16,2022-01-12,243,True,0,0.0,0.062850202429,4.486095819343326,2,0.06,4.282655246252676
2023-01-13,1.411,tencent_finance,1.156,0.255,0.0002631578947368421,historical,2022-11-30,2023-06-16,133,2023-06-16,2022-01-13,243,True,0,0.0,0.062882591093,4.4565975260807935,2,0.06,4.252303330970943
2023-01-16,1.419,tencent_finance,1.164,0.255,0.0002631578947368421,historical,2022-11-30,2023-06-16,133,2023-06-16,2022-01-16,243,True,0,0.0,0.062914979757,4.4337547397463,2,0.06,4.2283298097251585
2023-01-17,1.417,tencent_finance,1.162,0.255,0.0002631578947368421,historical,2022-11-30,2023-06-16,133,2023-06-16,2022-01-17,243,True,0,0.0,0.062947368421,4.442298406563162,2,0.06,4.234297812279463
2023-01-18,1.419,tencent_finance,1.164,0.255,0.0002631578947368421,historical,2022-11-30,2023-06-16,133,2023-06-16,2022-01-18,243,True,0,0.0,0.062979757085,4.438319738195913,2,0.06,4.2283298097251585
2023-01-19,1.424,tencent_finance,1.169,0.255,0.0002631578947368421,historical,2022-11-30,2023-06-16,133,2023-06-16,2022-01-19,243,True,0,0.0,0.063012145749,4.425010235182585,2,0.06,4.213483146067416
2023-01-20,1.438,tencent_finance,1.183,0.255,0.0002631578947368421,historical,2022-11-30,2023-06-16,133,2023-06-16,2022-01-20,243,True,0,0.0,0.063044534413,4.3841818089707925,2,0.06,4.172461752433936
2023-01-30,1.434,tencent_finance,1.179,0.255,0.0002631578947368421,historical,2022-11-30,2023-06-16,133,2023-06-16,2022-01-30,238,True,0,0.0,0.061923076923,4.318206201046026,2,0.06,4.184100418410042
2023-01-31,1.436,tencent_finance,1.181,0.255,0.0002631578947368421,historical,2022-11-30,2023-06-16,133,2023-06-16,2022-01-31,239,True,0,0.0,0.062186234818,4.330517744986072,2,0.06,4.178272980501393
2023-02-01,1.441,tencent_finance,1.186,0.255,0.0002631578947368421,historical,2022-11-30,2023-06-16,133,2023-06-16,2022-02-01,240,True,0,0.0,0.062449392713,4.333753831575295,2,0.06,4.1637751561415675
2023-02-02,1.444,tencent_finance,1.189,0.255,0.0002631578947368421,historical,2022-11-30,2023-06-16,133,2023-06-16,2022-02-02,241,True,0,0.0,0.062712550607,4.342974418767313,2,0.06,4.1551246537396125
2023-02-03,1.43,tencent_finance,1.175,0.255,0.0002631578947368421,historical,2022-11-30,2023-06-16,133,2023-06-16,2022-02-03,242,True,0,0.0,0.062975708502,4.40389569944056,2,0.06,4.195804195804196
2023-02-06,1.42,tencent_finance,1.165,0.255,0.0002631578947368421,historical,2022-11-30,2023-06-16,133,2023-06-16,2022-02-06,243,True,0,0.0,0.063238866397,4.453441295563381,2,0.06,4.225352112676056
2023-02-07,1.429,tencent_finance,1.174,0.255,0.0002631578947368421,historical,2022-11-30,2023-06-16,133,2023-06-16,2022-02-07,243,True,0,0.0,0.063271255061,4.4276595564030785,2,0.06,4.198740377886634
2023-02-08,1.422,tencent_finance,1.167,0.255,0.0002631578947368421,historical,2022-11-30,2023-06-16,133,2023-06-16,2022-02-08,243,True,0,0.0,0.063303643725,4.451733032700423,2,0.06,4.219409282700422
2023-02-09,1.433,tencent_finance,1.178,0.255,0.0002631578947368421,historical,2022-11-30,2023-06-16,133,2023-06-16,2022-02-09,243,True,0,0.0,0.063336032389,4.419820822679692,2,0.06,4.18702023726448
2023-02-10,1.434,tencent_finance,1.179,0.255,0.0002631578947368421,historical,2022-11-30,2023-06-16,133,2023-06-16,2022-02-10,243,True,0,0.0,0.063368421053,4.4189972840306835,2,0.06,4.184100418410042
2023-02-13,1.439,tencent_finance,1.184,0.255,0.0002631578947368421,historical,2022-11-30,2023-06-16,133,2023-06-16,2022-02-13,243,True,0,0.0,0.063400809717,4.405893656497568,2,0.06,4.169562195969423
2023-02-14,1.445,tencent_finance,1.19,0.255,0.0002631578947368421,historical,2022-11-30,2023-06-16,133,2023-06-16,2022-02-14,243,True,0,0.0,0.063433198381,4.389840718408305,2,0.06,4.1522491349480966
2023-02-15,1.436,tencent_finance,1.181,0.255,0.0002631578947368421,historical,2022-11-30,2023-06-16,133,2023-06-16,2022-02-15,243,True,0,0.0,0.063465587045,4.419609125696378,2,0.06,4.178272980501393
2023-02-16,1.426,tencent_finance,1.171,0.255,0.0002631578947368421,historical,2022-11-30,2023-06-16,133,2023-06-16,2022-02-16,243,True,0,0.0,0.063497975709,4.452873471879383,2,0.06,4.207573632538569
2023-02-17,1.425,tencent_finance,1.17,0.255,0.0002631578947368421,historical,2022-11-30,2023-06-16,133,2023-06-16,2022-02-17,243,True,0,0.0,0.063530364372,4.458271184,2,0.06,4.2105263157894735
2023-02-20,1.455,tencent_finance,1.2,0.255,0.0002631578947368421,historical,2022-11-30,2023-06-16,133,2023-06-16,2022-02-20,243,True,0,0.0,0.063562753036,4.368574091821306,2,0.06,4.123711340206185
2023-02-21,1.473,tencent_finance,1.218,0.255,0.0002631578947368421,historical,2022-11-30,2023-06-16,133,2023-06-16,2022-02-21,243,True,0,0.0,0.0635951417,4.3173891174473855,2,0.06,4.0733197556008145
2023-02-22,1.476,tencent_finance,1.221,0.255,0.0002631578947368421,historical,2022-11-30,2023-06-16,133,2023-06-16,2022-02-22,243,True,0,0.0,0.063627530364,4.310808290243902,2,0.06,4.0650406504065035
2023-02-23,1.477,tencent_finance,1.222,0.255,0.0002631578947368421,historical,2022-11-30,2023-06-16,133,2023-06-16,2022-02-23,243,True,0,0.0,0.063659919028,4.3100825340555176,2,0.06,4.062288422477995
2023-02-24,1.471,tencent_finance,1.216,0.255,0.0002631578947368421,historical,2022-11-30,2023-06-16,133,2023-06-16,2022-02-24,243,True,0,0.0,0.063692307692,4.329864560978926,2,0.06,4.07885791978246
2023-02-27,1.471,tencent_finance,1.216,0.255,0.0002631578947368421,historical,2022-11-30,2023-06-16,133,2023-06-16,2022-02-27,243,True,0,0.0,0.063724696356,4.332066373623386,2,0.06,4.07885791978246
2023-02-28,1.479,tencent_finance,1.224,0.255,0.0002631578947368421,historical,2022-11-30,2023-06-16,133,2023-06-16,2022-02-28,243,True,0,0.0,0.06375708502,4.3108238688302905,2,0.06,4.056795131845841
2023-03-01,1.486,tencent_finance,1.231,0.255,0.0002631578947368421,historical,2022-11-30,2023-06-16,133,2023-06-16,2022-03-01,243,True,0,0.0,0.063789473684,4.29269674858681,2,0.06,4.037685060565275
2023-03-02,1.494,tencent_finance,1.239,0.255,0.0002631578947368421,historical,2022-11-30,2023-06-16,133,2023-06-16,2022-03-02,243,True,0,0.0,0.063821862348,4.271878336546185,2,0.06,4.016064257028113
2023-03-03,1.5,tencent_finance,1.245,0.255,0.0002631578947368421,historical,2022-11-30,2023-06-16,133,2023-06-16,2022-03-03,243,True,0,0.0,0.063854251012,4.256950067466667,2,0.06,4.0
2023-03-06,1.493,tencent_finance,1.238,0.255,0.0002631578947368421,historical,2022-11-30,2023-06-16,133,2023-06-16,2022-03-06,243,True,0,0.0,0.063886639676,4.279078344005359,2,0.06,4.018754186202276
2023-03-07,1.483,tencent_finance,1.228,0.255,0.0002631578947368421,historical,2022-11-30,2023-06-16,133,2023-06-16,2022-03-07,243,True,0,0.0,0.06391902834,4.310116543492919,2,0.06,4.045853000674309
2023-03-08,1.48,tencent_finance,1.225,0.255,0.0002631578947368421,historical,2022-11-30,2023-06-16,133,2023-06-16,2022-03-08,243,True,0,0.0,0.063951417004,4.32104168945946,2,0.06,4.054054054054054
2023-03-09,1.477,tencent_finance,1.222,0.255,0.0002631578947368421,historical,2022-11-30,2023-06-16,133,2023-06-16,2022-03-09,243,True,0,0.0,0.063983805668,4.332011216519972,2,0.06,4.062288422477995
2023-03-10,1.453,tencent_finance,1.198,0.255,0.0002631578947368421,historical,2022-11-30,2023-06-16,133,2023-06-16,2022-03-10,243,True,0,0.0,0.064016194332,4.405794516999311,2,0.06,4.129387474191328
2023-03-13,1.471,tencent_finance,1.216,0.255,0.0002631578947368421,historical,2022-11-30,2023-06-16,133,2023-06-16,2022-03-13,243,True,0,0.0,0.064048582996,4.35408450006798,2,0.06,4.07885791978246
2023-03-14,1.459,tencent_finance,1.204,0.255,0.0002631578947368421,historical,2022-11-30,2023-06-16,133,2023-06-16,2022-03-14,243,True,0,0.0,0.06408097166,4.392115946538725,2,0.06,4.112405757368061
2023-03-15,1.477,tencent_finance,1.222,0.255,0.0002631578947368421,historical,2022-11-30,2023-06-16,133,2023-06-16,2022-03-15,243,True,0,0.0,0.064113360324,4.340782689505755,2,0.06,4.062288422477995
2023-03-16,1.462,tencent_finance,1.207,0.255,0.0002631578947368421,historical,2022-11-30,2023-06-16,133,2023-06-16,2022-03-16,243,True,0,0.0,0.064145748988,4.387534130506157,2,0.06,4.1039671682626535
2023-03-17,1.474,tencent_finance,1.219,0.255,0.0002631578947368421,historical,2022-11-30,2023-06-16,133,2023-06-16,2022-03-17,243,True,0,0.0,0.064178137652,4.354012052374491,2,0.06,4.07055630936228
2023-03-20,1.466,tencent_finance,1.211,0.255,0.0002631578947368421,historical,2022-11-30,2023-06-16,133,2023-06-16,2022-03-20,243,True,0,0.0,0.064210526316,4.379981331241473,2,0.06,4.092769440654843
2023-03-21,1.464,tencent_finance,1.209,0.255,0.0002631578947368421,historical,2022-11-30,2023-06-16,133,2023-06-16,2022-03-21,243,True,0,0.0,0.06424291498,4.38817725273224,2,0.06,4.098360655737705
2023-03-22,1.471,tencent_finance,1.216,0.255,0.0002631578947368421,historical,2022-11-30,2023-06-16,133,2023-06-16,2022-03-22,243,True,0,0.0,0.064275303644,4.3694971885791976,2,0.06,4.07885791978246
2023-03-23,1.472,tencent_finance,1.217,0.255,0.0002631578947368421,historical,2022-11-30,2023-06-16,133,2023-06-16,2022-03-23,243,True,0,0.0,0.064307692308,4.36872909701087,2,0.06,4.076086956521739
2023-03-24,1.462,tencent_finance,1.207,0.255,0.0002631578947368421,historical,2022-11-30,2023-06-16,133,2023-06-16,2022-03-24,243,True,0,0.0,0.064340080972,4.400826331874145,2,0.06,4.1039671682626535
2023-03-27,1.448,tencent_finance,1.193,0.255,0.0002631578947368421,historical,2022-11-30,2023-06-16,133,2023-06-16,2022-03-27,243,True,0,0.0,0.064372469636,4.445612543922652,2,0.06,4.143646408839778
2023-03-28,1.448,tencent_finance,1.193,0.255,0.0002631578947368421,historical,2022-11-30,2023-06-16,133,2023-06-16,2022-03-28,243,True,0,0.0,0.0644048583,4.447849330110498,2,0.06,4.143646408839778
2023-03-29,1.446,tencent_finance,1.191,0.255,0.0002631578947368421,historical,2022-11-30,2023-06-16,133,2023-06-16,2022-03-29,243,True,0,0.0,0.064437246964,4.4562411455048405,2,0.06,4.149377593360995
2023-03-30,1.453,tencent_finance,1.198,0.255,0.0002631578947368421,historical,2022-11-30,2023-06-16,133,2023-06-16,2022-03-30,243,True,0,0.0,0.064469635628,4.437001763799036,2,0.06,4.129387474191328
2023-03-31,1.46,tencent_finance,1.205,0.255,0.0002631578947368421,historical,2022-11-30,2023-06-16,133,2023-06-16,2022-03-31,243,True,0,0.0,0.064502024291,4.417946869246576,2,0.06,4.10958904109589
2023-04-03,1.469,tencent_finance,1.214,0.255,0.0002631578947368421,historical,2022-11-30,2023-06-16,133,2023-06-16,2022-04-03,243,True,0,0.0,0.064534412955,4.3930846123213065,2,0.06,4.084411164057181
2023-04-04,1.467,tencent_finance,1.212,0.255,0.0002631578947368421,historical,2022-11-30,2023-06-16,133,2023-06-16,2022-04-04,244,True,0,0.0,0.06479757085,4.417012327880028,2,0.06,4.089979550102249
2023-04-06,1.466,tencent_finance,1.211,0.255,0.0002631578947368421,historical,2022-11-30,2023-06-16,133,2023-06-16,2022-04-06,244,True,0,0.0,0.064829959514,4.422234618963166,2,0.06,4.092769440654843
2023-04-07,1.467,tencent_finance,1.212,0.255,0.0002631578947368421,historical,2022-11-30,2023-06-16,133,2023-06-16,2022-04-07,244,True,0,0.0,0.064862348178,4.421427960327199,2,0.06,4.089979550102249
2023-04-10,1.47,tencent_finance,1.215,0.255,0.0002631578947368421,historical,2022-11-30,2023-06-16,133,2023-06-16,2022-04-10,244,True,0,0.0,0.064894736842,4.414607948435375,2,0.06,4.081632653061225
2023-04-11,1.477,tencent_finance,1.222,0.255,0.0002631578947368421,historical,2022-11-30,2023-06-16,133,2023-06-16,2022-04-11,244,True,0,0.0,0.064927125506,4.395878504129993,2,0.06,4.062288422477995
2023-04-12,1.495,tencent_finance,1.24,0.255,0.0002631578947368421,historical,2022-11-30,2023-06-16,133,2023-06-16,2022-04-12,244,True,0,0.0,0.06495951417,4.3451180046822735,2,0.06,4.013377926421404
2023-04-13,1.494,tencent_finance,1.239,0.255,0.0002631578947368421,historical,2022-11-30,2023-06-16,133,2023-06-16,2022-04-13,244,True,0,0.0,0.064991902834,4.350194299464525,2,0.06,4.016064257028113
2023-04-14,1.488,tencent_finance,1.233,0.255,0.0002631578947368421,historical,2022-11-30,2023-06-16,133,2023-06-16,2022-04-14,244,True,0,0.0,0.065024291498,4.369912063037634,2,0.06,4.032258064516129
2023-04-17,1.512,tencent_finance,1.257,0.255,0.0002631578947368421,historical,2022-11-30,2023-06-16,133,2023-06-16,2022-04-17,244,True,0,0.0,0.065056680162,4.302690486904762,2,0.06,3.968253968253968
2023-04-18,1.515,tencent_finance,1.26,0.255,0.0002631578947368421,historical,2022-11-30,2023-06-16,133,2023-06-16,2022-04-18,244,True,0,0.0,0.065089068826,4.296308173333334,2,0.06,3.9603960396039604
2023-04-19,1.513,tencent_finance,1.258,0.255,0.0002631578947368421,historical,2022-11-30,2023-06-16,133,2023-06-16,2022-04-19,244,True,0,0.0,0.06512145749,4.304128056179776,2,0.06,3.9656311962987445
2023-04-20,1.518,tencent_finance,1.263,0.255,0.0002631578947368421,historical,2022-11-30,2023-06-16,133,2023-06-16,2022-04-20,244,True,0,0.0,0.065153846154,4.29208472687747,2,0.06,3.9525691699604746
2023-04-21,1.502,tencent_finance,1.247,0.255,0.0002631578947368421,historical,2022-11-30,2023-06-16,133,2023-06-16,2022-04-21,244,True,0,0.0,0.065186234818,4.339962371371504,2,0.06,3.9946737683089215
2023-04-24,1.499,tencent_finance,1.244,0.255,0.0002631578947368421,historical,2022-11-30,2023-06-16,133,2023-06-16,2022-04-24,244,True,0,0.0,0.065218623482,4.350808771314209,2,0.06,4.00266844563042
2023-04-25,1.504,tencent_finance,1.249,0.255,0.0002631578947368421,historical,2022-11-30,2023-06-16,133,2023-06-16,2022-04-25,244,True,0,0.0,0.065251012146,4.3384981480053195,2,0.06,3.9893617021276593
2023-04-26,1.507,tencent_finance,1.252,0.255,0.0002631578947368421,historical,2022-11-30,2023-06-16,133,2023-06-16,2022-04-26,244,True,0,0.0,0.06528340081,4.332010670869278,2,0.06,3.981420039814201
2023-04-27,1.51,tencent_finance,1.255,0.255,0.0002631578947368421,historical,2022-11-30,2023-06-16,133,2023-06-16,2022-04-27,244,True,0,0.0,0.065315789474,4.32554897178808,2,0.06,3.9735099337748347
2023-04-28,1.535,tencent_finance,1.28,0.255,0.0002631578947368421,historical,2022-11-30,2023-06-16,133,2023-06-16,2022-04-28,244,True,0,0.0,0.065348178138,4.257210302149837,2,0.06,3.908794788273616
2023-05-04,1.559,tencent_finance,1.304,0.255,0.0002631578947368421,historical,2022-11-30,2023-06-16,133,2023-06-16,2022-05-04,244,True,0,0.0,0.065380566802,4.193750275946119,2,0.06,3.8486209108402822
2023-05-05,1.564,tencent_finance,1.309,0.255,0.0002631578947368421,historical,2022-11-30,2023-06-16,133,2023-06-16,2022-05-05,244,True,0,0.0,0.065412955466,4.18241403235294,2,0.06,3.8363171355498715
2023-05-08,1.597,tencent_finance,1.342,0.255,0.0002631578947368421,historical,2022-11-30,2023-06-16,133,2023-06-16,2022-05-08,244,True,0,0.0,0.06544534413,4.098017791484033,2,0.06,3.757044458359424
2023-05-09,1.583,tencent_finance,1.328,0.255,0.0002631578947368421,historical,2022-11-30,2023-06-16,133,2023-06-16,2022-05-09,244,True,0,0.0,0.065477732794,4.136306556790903,2,0.06,3.7902716361339226
2023-05-10,1.551,tencent_finance,1.296,0.255,0.0002631578947368421,historical,2022-11-30,2023-06-16,133,2023-06-16,2022-05-10,244,True,0,0.0,0.065510121457,4.223734458865248,2,0.06,3.8684719535783367
2023-05-11,1.555,tencent_finance,1.3,0.255,0.0002631578947368421,historical,2022-11-30,2023-06-16,133,2023-06-16,2022-05-11,244,True,0,0.0,0.065542510121,4.214952419356913,2,0.06,3.858520900321544
2023-05-12,1.541,tencent_finance,1.286,0.255,0.0002631578947368421,historical,2022-11-30,2023-06-16,133,2023-06-16,2022-05-12,244,True,0,0.0,0.065574898785,4.255347098312784,2,0.06,3.8935756002595716
2023-05-15,1.541,tencent_finance,1.286,0.255,0.0002631578947368421,historical,2022-11-30,2023-06-16,133,2023-06-16,2022-05-15,244,True,0,0.0,0.065607287449,4.257448893510707,2,0.06,3.8935756002595716
2023-05-16,1.532,tencent_finance,1.277,0.255,0.0002631578947368421,historical,2022-11-30,2023-06-16,133,2023-06-16,2022-05-16,244,True,0,0.0,0.065639676113,4.284574158812011,2,0.06,3.9164490861618795
2023-05-17,1.527,tencent_finance,1.272,0.255,0.0002631578947368421,historical,2022-11-30,2023-06-16,133,2023-06-16,2022-05-17,244,True,0,0.0,0.065672064777,4.300724608840864,2,0.06,3.9292730844793713
2023-05-18,1.537,tencent_finance,1.282,0.255,0.0002631578947368421,historical,2022-11-30,2023-06-16,133,2023-06-16,2022-05-18,244,True,0,0.0,0.065704453441,4.274850581717632,2,0.06,3.903708523096942
2023-05-19,1.519,tencent_finance,1.264,0.255,0.0002631578947368421,historical,2022-11-30,2023-06-16,133,2023-06-16,2022-05-19,244,True,0,0.0,0.065736842105,4.327639374917709,2,0.06,3.949967083607637
2023-05-22,1.519,tencent_finance,1.264,0.255,0.0002631578947368421,historical,2022-11-30,2023-06-16,133,2023-06-16,2022-05-22,244,True,0,0.0,0.065769230769,4.32977161086241,2,0.06,3.949967083607637
2023-05-23,1.5,tencent_finance,1.245,0.255,0.0002631578947368421,historical,2022-11-30,2023-06-16,133,2023-06-16,2022-05-23,244,True,0,0.0,0.065801619433,4.386774628866666,2,0.06,4.0
2023-05-24,1.479,tencent_finance,1.224,0.255,0.0002631578947368421,historical,2022-11-30,2023-06-16,133,2023-06-16,2022-05-24,244,True,0,0.0,0.065834008097,4.451251392630155,2,0.06,4.056795131845841
2023-05-25,1.472,tencent_finance,1.217,0.255,0.0002631578947368421,historical,2022-11-30,2023-06-16,133,2023-06-16,2022-05-25,244,True,0,0.0,0.065866396761,4.474619345176631,2,0.06,4.076086956521739
2023-05-26,1.484,tencent_finance,1.229,0.255,0.0002631578947368421,historical,2022-11-30,2023-06-16,133,2023-06-16,2022-05-26,244,True,0,0.0,0.065898785425,4.440618963948787,2,0.06,4.0431266846361185
2023-05-29,1.496,tencent_finance,1.241,0.255,0.0002631578947368421,historical,2022-11-30,2023-06-16,133,2023-06-16,2022-05-29,244,True,0,0.0,0.065931174089,4.407164043382353,2,0.06,4.010695187165775
2023-05-30,1.493,tencent_finance,1.238,0.255,0.0002631578947368421,historical,2022-11-30,2023-06-16,133,2023-06-16,2022-05-30,244,True,0,0.0,0.065963562753,4.41818906584059,2,0.06,4.018754186202276
2023-05-31,1.482,tencent_finance,1.227,0.255,0.0002631578947368421,historical,2022-11-30,2023-06-16,133,2023-06-16,2022-05-31,244,True,0,0.0,0.065995951417,4.453168111808367,2,0.06,4.048582995951417
2023-06-01,1.478,tencent_finance,1.223,0.255,0.0002631578947368421,historical,2022-11-30,2023-06-16,133,2023-06-16,2022-06-01,244,True,0,0.0,0.066028340081,4.467411372192152,2,0.06,4.059539918809202
2023-06-02,1.487,tencent_finance,1.232,0.255,0.0002631578947368421,historical,2022-11-30,2023-06-16,133,2023-06-16,2022-06-02,244,True,0,0.0,0.066060728745,4.442550688971083,2,0.06,4.034969737726966
2023-06-05,1.494,tencent_finance,1.239,0.255,0.0002631578947368421,historical,2022-11-30,2023-06-16,133,2023-06-16,2022-06-05,245,True,0,0.0,0.06632388664,4.439349842034805,2,0.06,4.016064257028113
2023-06-06,1.484,tencent_finance,1.229,0.255,0.0002631578947368421,historical,2022-11-30,2023-06-16,133,2023-06-16,2022-06-06,245,True,0,0.0,0.066356275304,4.4714471229110515,2,0.06,4.0431266846361185
2023-06-07,1.494,tencent_finance,1.239,0.255,0.0002631578947368421,historical,2022-11-30,2023-06-16,133,2023-06-16,2022-06-07,245,True,0,0.0,0.066388663968,4.443685673895582,2,0.06,4.016064257028113
2023-06-08,1.512,tencent_finance,1.257,0.255,0.0002631578947368421,historical,2022-11-30,2023-06-16,133,2023-06-16,2022-06-08,245,True,0,0.0,0.066421052632,4.392926761375661,2,0.06,3.968253968253968
2023-06-09,1.508,tencent_finance,1.253,0.255,0.0002631578947368421,historical,2022-11-30,2023-06-16,133,2023-06-16,2022-06-09,245,True,0,0.0,0.066453441296,4.4067268763925735,2,0.06,3.978779840848806
2023-06-12,1.5,tencent_finance,1.245,0.255,0.0002631578947368421,historical,2022-11-30,2023-06-16,133,2023-06-16,2022-06-12,245,True,0,0.0,0.06648582996,4.432388664,2,0.06,4.0
2023-06-13,1.496,tencent_finance,1.241,0.255,0.0002631578947368421,historical,2022-11-30,2023-06-16,133,2023-06-16,2022-06-13,245,True,0,0.0,0.066518218623,4.4464049881684495,2,0.06,4.010695187165775
2023-06-14,1.49,tencent_finance,1.235,0.255,0.0002631578947368421,historical,2022-11-30,2023-06-16,133,2023-06-16,2022-06-14,245,True,0,0.0,0.066550607287,4.466483710536913,2,0.06,4.026845637583892
2023-06-15,1.493,tencent_finance,1.238,0.255,0.0002631578947368421,historical,2022-11-30,2023-06-16,133,2023-06-16,2022-06-15,245,True,0,0.0,0.066582995951,4.459678228466175,2,0.06,4.018754186202276
2023-06-16,1.456,tencent_finance,1.236,0.22,0.0002631578947368421,historical,2022-11-30,2023-06-16,133,2023-06-16,2022-06-16,245,True,0,0.0,0.066615384615,4.575232459821428,3,0.095,6.5247252747252755
2023-06-19,1.438,tencent_finance,1.218,0.22,0.00031249999999999995,historical,2023-06-19,2023-12-01,112,2023-12-01,2022-06-19,245,True,0,0.0,0.066697115385,4.638186049026427,3,0.095,6.606397774687066
2023-06-20,1.427,tencent_finance,1.207,0.22,0.00031249999999999995,historical,2023-06-19,2023-12-01,112,2023-12-01,2022-06-20,245,True,0,0.0,0.066778846154,4.6796668643307635,3,0.095,6.657323055360898
2023-06-21,1.417,tencent_finance,1.197,0.22,0.00031249999999999995,historical,2023-06-19,2023-12-01,112,2023-12-01,2022-06-21,245,True,0,0.0,0.066860576923,4.718459909880028,3,0.095,6.704304869442485
2023-06-26,1.4,tencent_finance,1.18,0.22,0.00031249999999999995,historical,2023-06-19,2023-12-01,112,2023-12-01,2022-06-26,243,True,0,0.0,0.066480769231,4.748626373642858,3,0.095,6.7857142857142865
2023-06-27,1.423,tencent_finance,1.203,0.22,0.00031249999999999995,historical,2023-06-19,2023-12-01,112,2023-12-01,2022-06-27,243,True,0,0.0,0.0665625,4.677617709065355,2,0.065,4.567814476458187
2023-06-28,1.432,tencent_finance,1.212,0.22,0.00031249999999999995,historical,2023-06-19,2023-12-01,112,2023-12-01,2022-06-28,243,True,0,0.0,0.066589285714,4.650089784497206,2,0.065,4.539106145251397
2023-06-29,1.431,tencent_finance,1.211,0.22,0.00031249999999999995,historical,2023-06-19,2023-12-01,112,2023-12-01,2022-06-29,243,True,0,0.0,0.066616071429,4.655211141090146,2,0.065,4.5422781271837875
2023-06-30,1.434,tencent_finance,1.214,0.22,0.00031249999999999995,historical,2023-06-19,2023-12-01,112,2023-12-01,2022-06-30,243,True,0,0.0,0.066642857143,4.647340107601116,2,0.065,4.532775453277545
2023-07-03,1.448,tencent_finance,1.228,0.22,0.00031249999999999995,historical,2023-06-19,2023-12-01,112,2023-12-01,2022-07-03,243,True,0,0.0,0.066669642857,4.604257103383978,2,0.065,4.488950276243094
2023-07-04,1.443,tencent_finance,1.223,0.22,0.00031249999999999995,historical,2023-06-19,2023-12-01,112,2023-12-01,2022-07-04,243,True,0,0.0,0.066696428571,4.622067122037421,2,0.065,4.504504504504505
2023-07-05,1.44,tencent_finance,1.22,0.22,0.00031249999999999995,historical,2023-06-19,2023-12-01,112,2023-12-01,2022-07-05,243,True,0,0.0,0.066723214286,4.633556547638889,2,0.065,4.513888888888889
2023-07-06,1.434,tencent_finance,1.214,0.22,0.00031249999999999995,historical,2023-06-19,2023-12-01,112,2023-12-01,2022-07-06,243,True,0,0.0,0.06675,4.654811715481172,2,0.065,4.532775453277545
2023-07-07,1.443,tencent_finance,1.223,0.22,0.00031249999999999995,historical,2023-06-19,2023-12-01,112,2023-12-01,2022-07-07,243,True,0,0.0,0.066776785714,4.627635877616078,2,0.065,4.504504504504505
2023-07-10,1.446,tencent_finance,1.226,0.22,0.00031249999999999995,historical,2023-06-19,2023-12-01,112,2023-12-01,2022-07-10,243,True,0,0.0,0.066803571429,4.61988737406639,2,0.065,4.495159059474412
2023-07-11,1.448,tencent_finance,1.228,0.22,0.00031249999999999995,historical,2023-06-19,2023-12-01,112,2023-12-01,2022-07-11,243,True,0,0.0,0.066830357143,4.61535615628453,2,0.065,4.488950276243094
2023-07-12,1.442,tencent_finance,1.222,0.22,0.00031249999999999995,historical,2023-06-19,2023-12-01,112,2023-12-01,2022-07-12,243,True,0,0.0,0.066857142857,4.636417673855756,2,0.065,4.507628294036061
2023-07-13,1.456,tencent_finance,1.236,0.22,0.00031249999999999995,historical,2023-06-19,2023-12-01,112,2023-12-01,2022-07-13,243,True,0,0.0,0.066883928571,4.593676412843408,2,0.065,4.464285714285714
2023-07-14,1.459,tencent_finance,1.239,0.22,0.00031249999999999995,historical,2023-06-19,2023-12-01,112,2023-12-01,2022-07-14,243,True,0,0.0,0.066910714286,4.586066777655928,2,0.065,4.455106237148732
2023-07-17,1.451,tencent_finance,1.231,0.22,0.00031249999999999995,historical,2023-06-19,2023-12-01,112,2023-12-01,2022-07-17,243,True,0,0.0,0.0669375,4.613197794624396,2,0.065,4.479669193659546
2023-07-18,1.451,tencent_finance,1.231,0.22,0.00031249999999999995,historical,2023-06-19,2023-12-01,112,2023-12-01,2022-07-18,243,True,0,0.0,0.066964285714,4.615043812129565,2,0.065,4.479669193659546
2023-07-19,1.459,tencent_finance,1.239,0.22,0.00031249999999999995,historical,2023-06-19,2023-12-01,112,2023-12-01,2022-07-19,243,True,0,0.0,0.066991071429,4.59157446394791,2,0.065,4.455106237148732
2023-07-20,1.457,tencent_finance,1.237,0.22,0.00031249999999999995,historical,2023-06-19,2023-12-01,112,2023-12-01,2022-07-20,243,True,0,0.0,0.067017857143,4.599715658407686,2,0.065,4.461221688400824
2023-07-21,1.456,tencent_finance,1.236,0.22,0.00031249999999999995,historical,2023-06-19,2023-12-01,112,2023-12-01,2022-07-21,243,True,0,0.0,0.067044642857,4.6047144819368135,2,0.065,4.464285714285714
2023-07-24,1.455,tencent_finance,1.235,0.22,0.00031249999999999995,historical,2023-06-19,2023-12-01,112,2023-12-01,2022-07-24,243,True,0,0.0,0.067071428571,4.609720176701031,2,0.065,4.4673539518900345
2023-07-25,1.483,tencent_finance,1.263,0.22,0.00031249999999999995,historical,2023-06-19,2023-12-01,112,2023-12-01,2022-07-25,243,True,0,0.0,0.067098214286,4.524491860148348,2,0.065,4.3830074173971685
2023-07-26,1.482,tencent_finance,1.262,0.22,0.00031249999999999995,historical,2023-06-19,2023-12-01,112,2023-12-01,2022-07-26,243,True,0,0.0,0.067125,4.529352226720648,2,0.065,4.385964912280702
2023-07-27,1.486,tencent_finance,1.266,0.22,0.00031249999999999995,historical,2023-06-19,2023-12-01,112,2023-12-01,2022-07-27,243,True,0,0.0,0.067151785714,4.518962699461642,2,0.065,4.3741588156123825
2023-07-28,1.51,tencent_finance,1.29,0.22,0.00031249999999999995,historical,2023-06-19,2023-12-01,112,2023-12-01,2022-07-28,243,True,0,0.0,0.067178571429,4.448912015165563,2,0.065,4.304635761589404
2023-07-31,1.523,tencent_finance,1.303,0.22,0.00031249999999999995,historical,2023-06-19,2023-12-01,112,2023-12-01,2022-07-31,243,True,0,0.0,0.067205357143,4.412695807156927,2,0.065,4.267892317793828
2023-08-01,1.523,tencent_finance,1.303,0.22,0.00031249999999999995,historical,2023-06-19,2023-12-01,112,2023-12-01,2022-08-01,243,True,0,0.0,0.067232142857,4.414454553972423,2,0.065,4.267892317793828
2023-08-02,1.509,tencent_finance,1.289,0.22,0.00031249999999999995,historical,2023-06-19,2023-12-01,112,2023-12-01,2022-08-02,243,True,0,0.0,0.067258928571,4.457185458648112,2,0.065,4.307488402915839
2023-08-03,1.524,tencent_finance,1.304,0.22,0.00031249999999999995,historical,2023-06-19,2023-12-01,112,2023-12-01,2022-08-03,243,True,0,0.0,0.067285714286,4.415073115879265,2,0.065,4.2650918635170605
2023-08-04,1.517,tencent_finance,1.297,0.22,0.00031249999999999995,historical,2023-06-19,2023-12-01,112,2023-12-01,2022-08-04,243,True,0,0.0,0.0673125,4.437211601845748,2,0.065,4.284772577455505
2023-08-07,1.503,tencent_finance,1.283,0.22,0.00031249999999999995,historical,2023-06-19,2023-12-01,112,2023-12-01,2022-08-07,243,True,0,0.0,0.067339285714,4.48032506413839,2,0.065,4.324683965402529
2023-08-08,1.5,tencent_finance,1.28,0.22,0.00031249999999999995,historical,2023-06-19,2023-12-01,112,2023-12-01,2022-08-08,243,True,0,0.0,0.067366071429,4.4910714286,2,0.065,4.333333333333334
2023-08-09,1.494,tencent_finance,1.274,0.22,0.00031249999999999995,historical,2023-06-19,2023-12-01,112,2023-12-01,2022-08-09,243,True,0,0.0,0.067392857143,4.5109007458500665,2,0.065,4.350736278447122
2023-08-10,1.5,tencent_finance,1.28,0.22,0.00031249999999999995,historical,2023-06-19,2023-12-01,112,2023-12-01,2022-08-10,243,True,0,0.0,0.067419642857,4.494642857133333,2,0.065,4.333333333333334
2023-08-11,1.479,tencent_finance,1.259,0.22,0.00031249999999999995,historical,2023-06-19,2023-12-01,112,2023-12-01,2022-08-11,243,True,0,0.0,0.067446428571,4.560272384787019,2,0.065,4.394861392832995
2023-08-14,1.478,tencent_finance,1.258,0.22,0.00031249999999999995,historical,2023-06-19,2023-12-01,112,2023-12-01,2022-08-14,243,True,0,0.0,0.067473214286,4.565170114073072,2,0.065,4.397834912043302
2023-08-15,1.485,tencent_finance,1.265,0.22,0.00031249999999999995,historical,2023-06-19,2023-12-01,112,2023-12-01,2022-08-15,243,True,0,0.0,0.0675,4.545454545454546,2,0.065,4.377104377104377
2023-08-16,1.487,tencent_finance,1.267,0.22,0.00031249999999999995,historical,2023-06-19,2023-12-01,112,2023-12-01,2022-08-16,243,True,0,0.0,0.067526785714,4.541142280699394,2,0.065,4.371217215870881
2023-08-17,1.486,tencent_finance,1.266,0.22,0.00031249999999999995,historical,2023-06-19,2023-12-01,112,2023-12-01,2022-08-17,243,True,0,0.0,0.067553571429,4.546000769111709,2,0.065,4.3741588156123825
2023-08-18,1.479,tencent_finance,1.259,0.22,0.00031249999999999995,historical,2023-06-19,2023-12-01,112,2023-12-01,2022-08-18,243,True,0,0.0,0.067580357143,4.569327731102096,2,0.065,4.394861392832995
2023-08-21,1.466,tencent_finance,1.246,0.22,0.00031249999999999995,historical,2023-06-19,2023-12-01,112,2023-12-01,2022-08-21,243,True,0,0.0,0.067607142857,4.611674137585266,2,0.065,4.433833560709414
2023-08-22,1.477,tencent_finance,1.257,0.22,0.00031249999999999995,historical,2023-06-19,2023-12-01,112,2023-12-01,2022-08-22,243,True,0,0.0,0.067633928571,4.579142083344617,2,0.065,4.400812457684496
2023-08-23,1.472,tencent_finance,1.252,0.22,0.00031249999999999995,historical,2023-06-19,2023-12-01,112,2023-12-01,2022-08-23,243,True,0,0.0,0.067660714286,4.596515916168478,2,0.065,4.415760869565218
2023-08-24,1.466,tencent_finance,1.246,0.22,0.00031249999999999995,historical,2023-06-19,2023-12-01,112,2023-12-01,2022-08-24,243,True,0,0.0,0.0676875,4.617155525238744,2,0.065,4.433833560709414
2023-08-25,1.468,tencent_finance,1.248,0.22,0.00031249999999999995,historical,2023-06-19,2023-12-01,112,2023-12-01,2022-08-25,243,True,0,0.0,0.067714285714,4.6126897625340595,2,0.065,4.427792915531335
2023-08-28,1.49,tencent_finance,1.27,0.22,0.00031249999999999995,historical,2023-06-19,2023-12-01,112,2023-12-01,2022-08-28,243,True,0,0.0,0.067741071429,4.546380632818792,2,0.065,4.3624161073825505
2023-08-29,1.493,tencent_finance,1.273,0.22,0.00031249999999999995,historical,2023-06-19,2023-12-01,112,2023-12-01,2022-08-29,243,True,0,0.0,0.067767857143,4.539039326389819,2,0.065,4.3536503683858
2023-08-30,1.482,tencent_finance,1.262,0.22,0.00031249999999999995,historical,2023-06-19,2023-12-01,112,2023-12-01,2022-08-30,243,True,0,0.0,0.067794642857,4.574537304790823,2,0.065,4.385964912280702
2023-08-31,1.467,tencent_finance,1.247,0.22,0.00031249999999999995,historical,2023-06-19,2023-12-01,112,2023-12-01,2022-08-31,243,True,0,0.0,0.067821428571,4.623137598568507,2,0.065,4.430811179277437
2023-09-01,1.482,tencent_finance,1.262,0.22,0.00031249999999999995,historical,2023-06-19,2023-12-01,112,2023-12-01,2022-09-01,243,True,0,0.0,0.067848214286,4.578152111066127,2,0.065,4.385964912280702
2023-09-04,1.504,tencent_finance,1.284,0.22,0.00031249999999999995,historical,2023-06-19,2023-12-01,112,2023-12-01,2022-09-04,243,True,0,0.0,0.067875,4.512965425531915,2,0.065,4.321808510638299
2023-09-05,1.493,tencent_finance,1.273,0.22,0.00031249999999999995,historical,2023-06-19,2023-12-01,112,2023-12-01,2022-09-05,243,True,0,0.0,0.067901785714,4.548009759812458,2,0.065,4.3536503683858
2023-09-06,1.493,tencent_finance,1.273,0.22,0.00031249999999999995,historical,2023-06-19,2023-12-01,112,2023-12-01,2022-09-06,243,True,0,0.0,0.067928571429,4.549803846550569,2,0.065,4.3536503683858
2023-09-07,1.484,tencent_finance,1.264,0.22,0.00031249999999999995,historical,2023-06-19,2023-12-01,112,2023-12-01,2022-09-07,243,True,0,0.0,0.067955357143,4.5792019638140165,2,0.065,4.380053908355795
2023-09-08,1.476,tencent_finance,1.256,0.22,0.00031249999999999995,historical,2023-06-19,2023-12-01,112,2023-12-01,2022-09-08,243,True,0,0.0,0.067982142857,4.6058362369241195,2,0.065,4.40379403794038
2023-09-11,1.488,tencent_finance,1.268,0.22,0.00031249999999999995,historical,2023-06-19,2023-12-01,112,2023-12-01,2022-09-11,243,True,0,0.0,0.068008928571,4.570492511491935,2,0.065,4.368279569892473
2023-09-12,1.484,tencent_finance,1.264,0.22,0.00031249999999999995,historical,2023-06-19,2023-12-01,112,2023-12-01,2022-09-12,244,True,0,0.0,0.068321428571,4.603869849797844,2,0.065,4.380053908355795
2023-09-13,1.487,tencent_finance,1.267,0.22,0.00031249999999999995,historical,2023-06-19,2023-12-01,112,2023-12-01,2022-09-13,244,True,0,0.0,0.068348214286,4.596382937861466,2,0.065,4.371217215870881
2023-09-14,1.502,tencent_finance,1.282,0.22,0.00031249999999999995,historical,2023-06-19,2023-12-01,112,2023-12-01,2022-09-14,244,True,0,0.0,0.068375,4.552263648468709,2,0.065,4.327563249001331
2023-09-15,1.503,tencent_finance,1.283,0.22,0.00031249999999999995,historical,2023-06-19,2023-12-01,112,2023-12-01,2022-09-15,244,True,0,0.0,0.068401785714,4.551017013572855,2,0.065,4.324683965402529
2023-09-18,1.5,tencent_finance,1.28,0.22,0.00031249999999999995,historical,2023-06-19,2023-12-01,112,2023-12-01,2022-09-18,244,True,0,0.0,0.068428571429,4.561904761933333,2,0.065,4.333333333333334
2023-09-19,1.51,tencent_finance,1.29,0.22,0.00031249999999999995,historical,2023-06-19,2023-12-01,112,2023-12-01,2022-09-19,244,True,0,0.0,0.068455357143,4.533467360463575,2,0.065,4.304635761589404
2023-09-20,1.516,tencent_finance,1.296,0.22,0.00031249999999999995,historical,2023-06-19,2023-12-01,112,2023-12-01,2022-09-20,244,True,0,0.0,0.068482142857,4.517291745184696,2,0.065,4.287598944591029
2023-09-21,1.503,tencent_finance,1.283,0.22,0.00031249999999999995,historical,2023-06-19,2023-12-01,112,2023-12-01,2022-09-21,244,True,0,0.0,0.068508928571,4.55814561350632,2,0.065,4.324683965402529
2023-09-22,1.51,tencent_finance,1.29,0.22,0.00031249999999999995,historical,2023-06-19,2023-12-01,112,2023-12-01,2022-09-22,244,True,0,0.0,0.068535714286,4.538789025562914,2,0.065,4.304635761589404
2023-09-25,1.509,tencent_finance,1.289,0.22,0.00031249999999999995,historical,2023-06-19,2023-12-01,112,2023-12-01,2022-09-25,244,True,0,0.0,0.0685625,4.543571901921803,2,0.065,4.307488402915839
2023-09-26,1.506,tencent_finance,1.286,0.22,0.00031249999999999995,historical,2023-06-19,2023-12-01,112,2023-12-01,2022-09-26,244,True,0,0.0,0.068589285714,4.5544014418326695,2,0.065,4.316069057104914
2023-09-27,1.498,tencent_finance,1.278,0.22,0.00031249999999999995,historical,2023-06-19,2023-12-01,112,2023-12-01,2022-09-27,244,True,0,0.0,0.068616071429,4.580512111415221,2,0.065,4.339118825100133
2023-09-28,1.498,tencent_finance,1.278,0.22,0.00031249999999999995,historical,2023-06-19,2023-12-01,112,2023-12-01,2022-09-28,244,True,0,0.0,0.068642857143,4.582300209813084,2,0.065,4.339118825100133
2023-10-09,1.491,tencent_finance,1.271,0.22,0.00031249999999999995,historical,2023-06-19,2023-12-01,112,2023-12-01,2022-10-09,243,True,0,0.0,0.068383928571,4.586447254929577,2,0.065,4.359490274983233
2023-10-10,1.476,tencent_finance,1.256,0.22,0.00031249999999999995,historical,2023-06-19,2023-12-01,112,2023-12-01,2022-10-10,243,True,0,0.0,0.068410714286,4.6348722415989165,2,0.065,4.40379403794038
2023-10-11,1.47,tencent_finance,1.25,0.22,0.00031249999999999995,historical,2023-06-19,2023-12-01,112,2023-12-01,2022-10-11,243,True,0,0.0,0.0684375,4.655612244897959,2,0.065,4.421768707482993
2023-10-12,1.487,tencent_finance,1.267,0.22,0.00031249999999999995,historical,2023-06-19,2023-12-01,112,2023-12-01,2022-10-12,243,True,0,0.0,0.068464285714,4.604188682851378,2,0.065,4.371217215870881
2023-10-13,1.484,tencent_finance,1.264,0.22,0.00031249999999999995,historical,2023-06-19,2023-12-01,112,2023-12-01,2022-10-13,243,True,0,0.0,0.068491071429,4.615301309231806,2,0.065,4.380053908355795
2023-10-16,1.488,tencent_finance,1.268,0.22,0.00031249999999999995,historical,2023-06-19,2023-12-01,112,2023-12-01,2022-10-16,243,True,0,0.0,0.068517857143,4.60469470047043,2,0.065,4.368279569892473
2023-10-17,1.492,tencent_finance,1.272,0.22,0.00031249999999999995,historical,2023-06-19,2023-12-01,112,2023-12-01,2022-10-17,243,True,0,0.0,0.068544642857,4.594144963605898,2,0.065,4.3565683646112605
2023-10-18,1.478,tencent_finance,1.258,0.22,0.00031249999999999995,historical,2023-06-19,2023-12-01,112,2023-12-01,2022-10-18,243,True,0,0.0,0.068571428571,4.639474192895805,2,0.065,4.397834912043302
2023-10-19,1.452,tencent_finance,1.232,0.22,0.00031249999999999995,historical,2023-06-19,2023-12-01,112,2023-12-01,2022-10-19,243,True,0,0.0,0.068598214286,4.724394923278238,2,0.065,4.476584022038567
2023-10-20,1.444,tencent_finance,1.224,0.22,0.00031249999999999995,historical,2023-06-19,2023-12-01,112,2023-12-01,2022-10-20,243,True,0,0.0,0.068625,4.752423822714682,2,0.065,4.501385041551247
2023-10-23,1.431,tencent_finance,1.211,0.22,0.00031249999999999995,historical,2023-06-19,2023-12-01,112,2023-12-01,2022-10-23,243,True,0,0.0,0.068651785714,4.797469302166317,2,0.065,4.5422781271837875
2023-10-24,1.439,tencent_finance,1.219,0.22,0.00031249999999999995,historical,2023-06-19,2023-12-01,112,2023-12-01,2022-10-24,243,True,0,0.0,0.068678571429,4.772659585059069,2,0.065,4.517025712300208
2023-10-25,1.452,tencent_finance,1.232,0.22,0.00031249999999999995,historical,2023-06-19,2023-12-01,112,2023-12-01,2022-10-25,243,True,0,0.0,0.068705357143,4.73177390792011,2,0.065,4.476584022038567
2023-10-26,1.458,tencent_finance,1.238,0.22,0.00031249999999999995,historical,2023-06-19,2023-12-01,112,2023-12-01,2022-10-26,243,True,0,0.0,0.068732142857,4.714138741906721,2,0.065,4.458161865569274
2023-10-27,1.464,tencent_finance,1.244,0.22,0.00031249999999999995,historical,2023-06-19,2023-12-01,112,2023-12-01,2022-10-27,243,True,0,0.0,0.068758928571,4.696648126434426,2,0.065,4.439890710382514
2023-10-30,1.448,tencent_finance,1.228,0.22,0.00031249999999999995,historical,2023-06-19,2023-12-01,112,2023-12-01,2022-10-30,243,True,0,0.0,0.068785714286,4.75039463301105,2,0.065,4.488950276243094
2023-10-31,1.449,tencent_finance,1.229,0.22,0.00031249999999999995,historical,2023-06-19,2023-12-01,112,2023-12-01,2022-10-31,243,True,0,0.0,0.0688125,4.748964803312629,2,0.065,4.485852311939269
2023-11-01,1.447,tencent_finance,1.227,0.22,0.00031249999999999995,historical,2023-06-19,2023-12-01,112,2023-12-01,2022-11-01,243,True,0,0.0,0.068839285714,4.757379800552868,2,0.065,4.492052522460263
2023-11-02,1.449,tencent_finance,1.229,0.22,0.00031249999999999995,historical,2023-06-19,2023-12-01,112,2023-12-01,2022-11-02,243,True,0,0.0,0.068866071429,4.75266193436853,2,0.065,4.485852311939269
2023-11-03,1.443,tencent_finance,1.223,0.22,0.00031249999999999995,historical,2023-06-19,2023-12-01,112,2023-12-01,2022-11-03,243,True,0,0.0,0.068892857143,4.774279774289674,2,0.065,4.504504504504505
2023-11-06,1.438,tencent_finance,1.218,0.22,0.00031249999999999995,historical,2023-06-19,2023-12-01,112,2023-12-01,2022-11-06,243,True,0,0.0,0.068919642857,4.792742896870654,2,0.065,4.520166898470097
2023-11-07,1.44,tencent_finance,1.22,0.22,0.00031249999999999995,historical,2023-06-19,2023-12-01,112,2023-12-01,2022-11-07,243,True,0,0.0,0.068946428571,4.787946428541667,2,0.065,4.513888888888889
2023-11-08,1.437,tencent_finance,1.217,0.22,0.00031249999999999995,historical,2023-06-19,2023-12-01,112,2023-12-01,2022-11-08,243,True,0,0.0,0.068973214286,4.799806143771747,2,0.065,4.523312456506611
2023-11-09,1.447,tencent_finance,1.227,0.22,0.00031249999999999995,historical,2023-06-19,2023-12-01,112,2023-12-01,2022-11-09,243,True,0,0.0,0.069,4.768486523842433,2,0.065,4.492052522460263
2023-11-10,1.443,tencent_finance,1.223,0.22,0.00031249999999999995,historical,2023-06-19,2023-12-01,112,2023-12-01,2022-11-10,243,True,0,0.0,0.069026785714,4.7835610335412335,2,0.065,4.504504504504505
2023-11-13,1.444,tencent_finance,1.224,0.22,0.00031249999999999995,historical,2023-06-19,2023-12-01,112,2023-12-01,2022-11-13,243,True,0,0.0,0.069053571429,4.782103284556786,2,0.065,4.501385041551247
2023-11-14,1.444,tencent_finance,1.224,0.22,0.00031249999999999995,historical,2023-06-19,2023-12-01,112,2023-12-01,2022-11-14,243,True,0,0.0,0.069080357143,4.783958250900277,2,0.065,4.501385041551247
2023-11-15,1.449,tencent_finance,1.229,0.22,0.00031249999999999995,historical,2023-06-19,2023-12-01,112,2023-12-01,2022-11-15,243,True,0,0.0,0.069107142857,4.769299023947549,2,0.065,4.485852311939269
2023-11-16,1.448,tencent_finance,1.228,0.22,0.00031249999999999995,historical,2023-06-19,2023-12-01,112,2023-12-01,2022-11-16,243,True,0,0.0,0.069133928571,4.774442580870166,2,0.065,4.488950276243094
2023-11-17,1.443,tencent_finance,1.223,0.22,0.00031249999999999995,historical,2023-06-19,2023-12-01,112,2023-12-01,2022-11-17,243,True,0,0.0,0.069160714286,4.792842292862093,2,0.065,4.504504504504505
2023-11-20,1.447,tencent_finance,1.227,0.22,0.00031249999999999995,historical,2023-06-19,2023-12-01,112,2023-12-01,2022-11-20,243,True,0,0.0,0.0691875,4.781444367657222,2,0.065,4.492052522460263
2023-11-21,1.454,tencent_finance,1.234,0.22,0.00031249999999999995,historical,2023-06-19,2023-12-01,112,2023-12-01,2022-11-21,243,True,0,0.0,0.069214285714,4.7602672430536455,2,0.065,4.470426409903714
2023-11-22,1.45,tencent_finance,1.23,0.22,0.00031249999999999995,historical,2023-06-19,2023-12-01,112,2023-12-01,2022-11-22,243,True,0,0.0,0.069241071429,4.775246305448276,2,0.065,4.482758620689656
2023-11-23,1.458,tencent_finance,1.238,0.22,0.00031249999999999995,historical,2023-06-19,2023-12-01,112,2023-12-01,2022-11-23,243,True,0,0.0,0.069267857143,4.750881834224966,2,0.065,4.458161865569274
2023-11-24,1.461,tencent_finance,1.241,0.22,0.00031249999999999995,historical,2023-06-19,2023-12-01,112,2023-12-01,2022-11-24,243,True,0,0.0,0.069294642857,4.742959812251883,2,0.065,4.4490075290896645
2023-11-27,1.456,tencent_finance,1.236,0.22,0.00031249999999999995,historical,2023-06-19,2023-12-01,112,2023-12-01,2022-11-27,243,True,0,0.0,0.069321428571,4.761087127129121,2,0.065,4.464285714285714
2023-11-28,1.456,tencent_finance,1.236,0.22,0.00031249999999999995,historical,2023-06-19,2023-12-01,112,2023-12-01,2022-11-28,243,True,0,0.0,0.069348214286,4.762926805357144,2,0.065,4.464285714285714
2023-11-29,1.447,tencent_finance,1.227,0.22,0.00031249999999999995,historical,2023-06-19,2023-12-01,112,2023-12-01,2022-11-29,243,True,0,0.0,0.069375,4.794402211472011,1,0.035,2.4187975120939877
2023-11-30,1.451,tencent_finance,1.231,0.22,0.00031249999999999995,historical,2023-06-19,2023-12-01,112,2023-12-01,2022-11-30,243,True,0,0.0,0.069424342105,4.784585947966919,1,0.035,2.412129565816678
2023-12-01,1.423,tencent_finance,1.238,0.185,0.00031249999999999995,historical,2023-06-19,2023-12-01,112,2023-12-01,2022-12-01,243,True,0,0.0,0.069473684211,4.882198468798314,2,0.07,4.919184820801125
2023-12-04,1.422,tencent_finance,1.237,0.185,0.0001948051948051948,historical,2023-12-04,2024-03-28,77,2024-03-28,2022-12-04,243,True,0,0.0,0.069405331511,4.88082500077356,2,0.07,4.922644163150493
2023-12-05,1.403,tencent_finance,1.218,0.185,0.0001948051948051948,historical,2023-12-04,2024-03-28,77,2024-03-28,2022-12-05,243,True,0,0.0,0.069336978811,4.942051233856023,2,0.07,4.989308624376337
2023-12-06,1.401,tencent_finance,1.216,0.185,0.0001948051948051948,historical,2023-12-04,2024-03-28,77,2024-03-28,2022-12-06,243,True,0,0.0,0.069268626111,4.944227416916489,2,0.07,4.996431120628123
2023-12-07,1.403,tencent_finance,1.218,0.185,0.0001948051948051948,historical,2023-12-04,2024-03-28,77,2024-03-28,2022-12-07,243,True,0,0.0,0.069200273411,4.932307441981468,2,0.07,4.989308624376337
2023-12-08,1.402,tencent_finance,1.217,0.185,0.0001948051948051948,historical,2023-12-04,2024-03-28,77,2024-03-28,2022-12-08,243,True,0,0.0,0.069131920711,4.930950122039943,2,0.07,4.992867332382312
2023-12-11,1.423,tencent_finance,1.238,0.185,0.0001948051948051948,historical,2023-12-04,2024-03-28,77,2024-03-28,2022-12-11,243,True,0,0.0,0.069063568011,4.85337793471539,2,0.07,4.919184820801125
2023-12-12,1.421,tencent_finance,1.236,0.185,0.0001948051948051948,historical,2023-12-04,2024-03-28,77,2024-03-28,2022-12-12,243,True,0,0.0,0.068995215311,4.855398684799437,2,0.07,4.926108374384237
2023-12-13,1.411,tencent_finance,1.226,0.185,0.0001948051948051948,historical,2023-12-04,2024-03-28,77,2024-03-28,2022-12-13,243,True,0,0.0,0.068926862611,4.884965457902197,2,0.07,4.961020552799433
2023-12-14,1.407,tencent_finance,1.222,0.185,0.0001948051948051948,historical,2023-12-04,2024-03-28,77,2024-03-28,2022-12-14,243,True,0,0.0,0.068858509911,4.893995018550106,2,0.07,4.975124378109453
2023-12-15,1.401,tencent_finance,1.216,0.185,0.0001948051948051948,historical,2023-12-04,2024-03-28,77,2024-03-28,2022-12-15,243,True,0,0.0,0.068790157211,4.910075461170592,2,0.07,4.996431120628123
2023-12-18,1.397,tencent_finance,1.212,0.185,0.0001948051948051948,historical,2023-12-04,2024-03-28,77,2024-03-28,2022-12-18,243,True,0,0.0,0.068721804511,4.919241554115962,2,0.07,5.010737294201862
2023-12-19,1.394,tencent_finance,1.209,0.185,0.0001948051948051948,historical,2023-12-04,2024-03-28,77,2024-03-28,2022-12-19,243,True,0,0.0,0.068653451811,4.924924807101865,2,0.07,5.021520803443329
2023-12-20,1.389,tencent_finance,1.204,0.185,0.0001948051948051948,historical,2023-12-04,2024-03-28,77,2024-03-28,2022-12-20,243,True,0,0.0,0.068585099111,4.937732117422606,2,0.07,5.03959683225342
2023-12-21,1.386,tencent_finance,1.201,0.185,0.0001948051948051948,historical,2023-12-04,2024-03-28,77,2024-03-28,2022-12-21,243,True,0,0.0,0.068516746411,4.943488197041847,2,0.07,5.050505050505051
2023-12-22,1.386,tencent_finance,1.201,0.185,0.0001948051948051948,historical,2023-12-04,2024-03-28,77,2024-03-28,2022-12-22,243,True,0,0.0,0.068448393712,4.938556544877345,2,0.07,5.050505050505051
2023-12-25,1.384,tencent_finance,1.199,0.185,0.0001948051948051948,historical,2023-12-04,2024-03-28,77,2024-03-28,2022-12-25,243,True,0,0.0,0.068380041012,4.940754408381504,2,0.07,5.0578034682080935
2023-12-26,1.379,tencent_finance,1.194,0.185,0.0001948051948051948,historical,2023-12-04,2024-03-28,77,2024-03-28,2022-12-26,243,True,0,0.0,0.068311688312,4.953711987817259,2,0.07,5.076142131979696
2023-12-27,1.386,tencent_finance,1.201,0.185,0.0001948051948051948,historical,2023-12-04,2024-03-28,77,2024-03-28,2022-12-27,243,True,0,0.0,0.068243335612,4.9237615881673875,2,0.07,5.050505050505051
2023-12-28,1.386,tencent_finance,1.201,0.185,0.0001948051948051948,historical,2023-12-04,2024-03-28,77,2024-03-28,2022-12-28,243,True,0,0.0,0.068174982912,4.918829935930736,2,0.07,5.050505050505051
2023-12-29,1.392,tencent_finance,1.207,0.185,0.0001948051948051948,historical,2023-12-04,2024-03-28,77,2024-03-28,2022-12-29,243,True,0,0.0,0.068106630212,4.892717687643679,2,0.07,5.028735632183909
2024-01-02,1.406,tencent_finance,1.221,0.185,0.0001948051948051948,historical,2023-12-04,2024-03-28,77,2024-03-28,2023-01-02,243,True,0,0.0,0.068038277512,4.839137803129446,2,0.07,4.978662873399716
2024-01-03,1.419,tencent_finance,1.234,0.185,0.0001948051948051948,historical,2023-12-04,2024-03-28,77,2024-03-28,2023-01-03,243,True,0,0.0,0.067969924812,4.789987654122621,2,0.07,4.933051444679352
2024-01-04,1.426,tencent_finance,1.241,0.185,0.0001948051948051948,historical,2023-12-04,2024-03-28,77,2024-03-28,2023-01-04,243,True,0,0.0,0.067901572112,4.761681073772791,2,0.07,4.908835904628331
2024-01-05,1.428,tencent_finance,1.243,0.185,0.0001948051948051948,historical,2023-12-04,2024-03-28,77,2024-03-28,2023-01-05,243,True,0,0.0,0.067833219412,4.7502254490196085,2,0.07,4.901960784313726
2024-01-08,1.409,tencent_finance,1.224,0.185,0.0001948051948051948,historical,2023-12-04,2024-03-28,77,2024-03-28,2023-01-08,243,True,0,0.0,0.067764866712,4.809429858907026,2,0.07,4.9680624556423
2024-01-09,1.42,tencent_finance,1.235,0.185,0.0001948051948051948,historical,2023-12-04,2024-03-28,77,2024-03-28,2023-01-09,243,True,0,0.0,0.067696514012,4.767360141690141,2,0.07,4.929577464788733
2024-01-10,1.413,tencent_finance,1.228,0.185,0.0001948051948051948,historical,2023-12-04,2024-03-28,77,2024-03-28,2023-01-10,243,True,0,0.0,0.067628161312,4.786140220240623,2,0.07,4.953998584571833
2024-01-11,1.407,tencent_finance,1.222,0.185,0.0001948051948051948,historical,2023-12-04,2024-03-28,77,2024-03-28,2023-01-11,243,True,0,0.0,0.067559808612,4.801692154371002,2,0.07,4.975124378109453
2024-01-12,1.408,tencent_finance,1.223,0.185,0.0001948051948051948,historical,2023-12-04,2024-03-28,77,2024-03-28,2023-01-12,243,True,0,0.0,0.067491455913,4.793427266548296,2,0.07,4.971590909090909
2024-01-15,1.416,tencent_finance,1.231,0.185,0.0001948051948051948,historical,2023-12-04,2024-03-28,77,2024-03-28,2023-01-15,243,True,0,0.0,0.067423103213,4.761518588488701,2,0.07,4.943502824858758
2024-01-16,1.419,tencent_finance,1.234,0.185,0.0001948051948051948,historical,2023-12-04,2024-03-28,77,2024-03-28,2023-01-16,243,True,0,0.0,0.067354750513,4.746634990345313,2,0.07,4.933051444679352
2024-01-17,1.401,tencent_finance,1.216,0.185,0.0001948051948051948,historical,2023-12-04,2024-03-28,77,2024-03-28,2023-01-17,243,True,0,0.0,0.067286397813,4.802740743254818,2,0.07,4.996431120628123
2024-01-18,1.389,tencent_finance,1.204,0.185,0.0001948051948051948,historical,2023-12-04,2024-03-28,77,2024-03-28,2023-01-18,243,True,0,0.0,0.067218045113,4.839312103167747,2,0.07,5.03959683225342
2024-01-19,1.383,tencent_finance,1.198,0.185,0.0001948051948051948,historical,2023-12-04,2024-03-28,77,2024-03-28,2023-01-19,243,True,0,0.0,0.067149692413,4.855364599638468,2,0.07,5.061460592913956
2024-01-22,1.335,tencent_finance,1.15,0.185,0.0001948051948051948,historical,2023-12-04,2024-03-28,77,2024-03-28,2023-01-22,243,True,0,0.0,0.067081339713,5.024819454157303,2,0.07,5.2434456928838955
2024-01-23,1.353,tencent_finance,1.168,0.185,0.0001948051948051948,historical,2023-12-04,2024-03-28,77,2024-03-28,2023-01-23,244,True,0,0.0,0.067276144908,4.972368433702883,2,0.07,5.173688100517369
2024-01-24,1.381,tencent_finance,1.196,0.185,0.0001948051948051948,historical,2023-12-04,2024-03-28,77,2024-03-28,2023-01-24,245,True,0,0.0,0.067470950103,4.88565895025344,2,0.07,5.068790731354092
2024-01-25,1.421,tencent_finance,1.236,0.185,0.0001948051948051948,historical,2023-12-04,2024-03-28,77,2024-03-28,2023-01-25,246,True,0,0.0,0.067665755297,4.761840626108374,2,0.07,4.926108374384237
2024-01-26,1.441,tencent_finance,1.256,0.185,0.0001948051948051948,historical,2023-12-04,2024-03-28,77,2024-03-28,2023-01-26,247,True,0,0.0,0.067860560492,4.709268597640527,2,0.07,4.857737682165164
2024-01-29,1.443,tencent_finance,1.258,0.185,0.0001948051948051948,historical,2023-12-04,2024-03-28,77,2024-03-28,2023-01-29,248,True,0,0.0,0.068055365687,4.716241558350658,2,0.07,4.851004851004851
2024-01-30,1.428,tencent_finance,1.243,0.185,0.0001948051948051948,historical,2023-12-04,2024-03-28,77,2024-03-28,2023-01-30,248,True,0,0.0,0.067987012987,4.760995307212885,2,0.07,4.901960784313726
2024-01-31,1.424,tencent_finance,1.239,0.185,0.0001948051948051948,historical,2023-12-04,2024-03-28,77,2024-03-28,2023-01-31,248,True,0,0.0,0.067918660287,4.769568840379214,2,0.07,4.915730337078653
2024-02-01,1.407,tencent_finance,1.222,0.185,0.0001948051948051948,historical,2023-12-04,2024-03-28,77,2024-03-28,2023-02-01,248,True,0,0.0,0.067850307587,4.822338847690121,2,0.07,4.975124378109453
2024-02-02,1.408,tencent_finance,1.223,0.185,0.0001948051948051948,historical,2023-12-04,2024-03-28,77,2024-03-28,2023-02-02,248,True,0,0.0,0.067781954887,4.814059295951705,2,0.07,4.971590909090909
2024-02-05,1.41,tencent_finance,1.225,0.185,0.0001948051948051948,historical,2023-12-04,2024-03-28,77,2024-03-28,2023-02-05,248,True,0,0.0,0.067713602187,4.802383133829787,2,0.07,4.964539007092199
2024-02-06,1.438,tencent_finance,1.253,0.185,0.0001948051948051948,historical,2023-12-04,2024-03-28,77,2024-03-28,2023-02-06,248,True,0,0.0,0.067645249487,4.704120270305981,2,0.07,4.867872044506259
2024-02-07,1.464,tencent_finance,1.279,0.185,0.0001948051948051948,historical,2023-12-04,2024-03-28,77,2024-03-28,2023-02-07,248,True,0,0.0,0.067576896787,4.615908250478142,2,0.07,4.781420765027323
2024-02-08,1.467,tencent_finance,1.282,0.185,0.0001948051948051948,historical,2023-12-04,2024-03-28,77,2024-03-28,2023-02-08,248,True,0,0.0,0.067508544087,4.601809412883435,2,0.07,4.771642808452625
2024-02-19,1.497,tencent_finance,1.312,0.185,0.0001948051948051948,historical,2023-12-04,2024-03-28,77,2024-03-28,2023-02-19,242,True,0,0.0,0.065861244019,4.3995486986639945,2,0.07,4.676018704074816
2024-02-20,1.513,tencent_finance,1.328,0.185,0.0001948051948051948,historical,2023-12-04,2024-03-28,77,2024-03-28,2023-02-20,242,True,0,0.0,0.065792891319,4.348505705155321,2,0.07,4.626569729015202
2024-02-21,1.514,tencent_finance,1.329,0.185,0.0001948051948051948,historical,2023-12-04,2024-03-28,77,2024-03-28,2023-02-21,242,True,0,0.0,0.065724538619,4.341118799141348,2,0.07,4.623513870541612
2024-02-22,1.534,tencent_finance,1.349,0.185,0.0001948051948051948,historical,2023-12-04,2024-03-28,77,2024-03-28,2023-02-22,242,True,0,0.0,0.065656185919,4.280064271121252,2,0.07,4.563233376792699
2024-02-23,1.527,tencent_finance,1.342,0.185,0.0001948051948051948,historical,2023-12-04,2024-03-28,77,2024-03-28,2023-02-23,242,True,0,0.0,0.065587833219,4.295208462278978,2,0.07,4.584151931892601
2024-02-26,1.501,tencent_finance,1.316,0.185,0.0001948051948051948,historical,2023-12-04,2024-03-28,77,2024-03-28,2023-02-26,242,True,0,0.0,0.065519480519,4.365055331045969,2,0.07,4.663557628247836
2024-02-27,1.51,tencent_finance,1.325,0.185,0.0001948051948051948,historical,2023-12-04,2024-03-28,77,2024-03-28,2023-02-27,242,True,0,0.0,0.06545112782,4.33451177615894,2,0.07,4.635761589403973
2024-02-28,1.501,tencent_finance,1.316,0.185,0.0001948051948051948,historical,2023-12-04,2024-03-28,77,2024-03-28,2023-02-28,242,True,0,0.0,0.06538277512,4.3559477095269825,2,0.07,4.663557628247836
2024-02-29,1.511,tencent_finance,1.326,0.185,0.0001948051948051948,historical,2023-12-04,2024-03-28,77,2024-03-28,2023-02-28,243,True,0,0.0,0.065577580314,4.340011933421575,2,0.07,4.632693580410325
2024-03-01,1.513,tencent_finance,1.328,0.185,0.0001948051948051948,historical,2023-12-04,2024-03-28,77,2024-03-28,2023-03-01,243,True,0,0.0,0.065509227614,4.32975727785856,2,0.07,4.626569729015202
2024-03-04,1.519,tencent_finance,1.334,0.185,0.0001948051948051948,historical,2023-12-04,2024-03-28,77,2024-03-28,2023-03-04,242,True,0,0.0,0.06517771702,4.290830613561554,2,0.07,4.6082949308755765
2024-03-05,1.531,tencent_finance,1.346,0.185,0.0001948051948051948,historical,2023-12-04,2024-03-28,77,2024-03-28,2023-03-05,243,True,0,0.0,0.065372522215,4.269923070868714,2,0.07,4.5721750489875905
2024-03-06,1.53,tencent_finance,1.345,0.185,0.0001948051948051948,historical,2023-12-04,2024-03-28,77,2024-03-28,2023-03-06,243,True,0,0.0,0.065304169515,4.268246373529411,2,0.07,4.575163398692811
2024-03-07,1.536,tencent_finance,1.351,0.185,0.0001948051948051948,historical,2023-12-04,2024-03-28,77,2024-03-28,2023-03-07,243,True,0,0.0,0.065235816815,4.247123490559896,2,0.07,4.557291666666667
2024-03-08,1.542,tencent_finance,1.357,0.185,0.0001948051948051948,historical,2023-12-04,2024-03-28,77,2024-03-28,2023-03-08,243,True,0,0.0,0.065167464115,4.226164988002594,2,0.07,4.539559014267186
2024-03-11,1.531,tencent_finance,1.346,0.185,0.0001948051948051948,historical,2023-12-04,2024-03-28,77,2024-03-28,2023-03-11,242,True,0,0.0,0.06483595352,4.234876128020902,2,0.07,4.5721750489875905
2024-03-12,1.504,tencent_finance,1.319,0.185,0.0001948051948051948,historical,2023-12-04,2024-03-28,77,2024-03-28,2023-03-12,243,True,0,0.0,0.065030758715,4.323853637965425,2,0.07,4.654255319148937
2024-03-13,1.498,tencent_finance,1.313,0.185,0.0001948051948051948,historical,2023-12-04,2024-03-28,77,2024-03-28,2023-03-13,243,True,0,0.0,0.064962406015,4.33660921328438,2,0.07,4.672897196261683
2024-03-14,1.503,tencent_finance,1.318,0.185,0.0001948051948051948,historical,2023-12-04,2024-03-28,77,2024-03-28,2023-03-14,243,True,0,0.0,0.064894053315,4.317634951097805,2,0.07,4.657351962741185
2024-03-15,1.5,tencent_finance,1.315,0.185,0.0001948051948051948,historical,2023-12-04,2024-03-28,77,2024-03-28,2023-03-15,243,True,0,0.0,0.064825700615,4.321713374333333,2,0.07,4.666666666666667
2024-03-18,1.496,tencent_finance,1.311,0.185,0.0001948051948051948,historical,2023-12-04,2024-03-28,77,2024-03-28,2023-03-18,242,True,0,0.0,0.064494190021,4.311108958622994,2,0.07,4.6791443850267385
2024-03-19,1.494,tencent_finance,1.309,0.185,0.0001948051948051948,historical,2023-12-04,2024-03-28,77,2024-03-28,2023-03-19,243,True,0,0.0,0.064688995215,4.3299193584337345,2,0.07,4.685408299866132
2024-03-20,1.497,tencent_finance,1.312,0.185,0.0001948051948051948,historical,2023-12-04,2024-03-28,77,2024-03-28,2023-03-20,243,True,0,0.0,0.064620642515,4.316676186706747,2,0.07,4.676018704074816
2024-03-21,1.502,tencent_finance,1.317,0.185,0.0001948051948051948,historical,2023-12-04,2024-03-28,77,2024-03-28,2023-03-21,243,True,0,0.0,0.064552289815,4.29775564680426,2,0.07,4.660452729693742
2024-03-22,1.494,tencent_finance,1.309,0.185,0.0001948051948051948,historical,2023-12-04,2024-03-28,77,2024-03-28,2023-03-22,243,True,0,0.0,0.064483937116,4.316193916733601,2,0.07,4.685408299866132
2024-03-25,1.499,tencent_finance,1.314,0.185,0.0001948051948051948,historical,2023-12-04,2024-03-28,77,2024-03-28,2023-03-25,242,True,0,0.0,0.064152426521,4.279681555770513,2,0.07,4.66977985323549
2024-03-26,1.496,tencent_finance,1.311,0.185,0.0001948051948051948,historical,2023-12-04,2024-03-28,77,2024-03-28,2023-03-26,243,True,0,0.0,0.064347231716,4.3012855425133685,2,0.07,4.6791443850267385
2024-03-27,1.491,tencent_finance,1.306,0.185,0.0001948051948051948,historical,2023-12-04,2024-03-28,77,2024-03-28,2023-03-27,243,True,0,0.0,0.064278879016,4.311125353185781,2,0.07,4.694835680751174
2024-03-28,1.476,tencent_finance,1.306,0.17,0.0001948051948051948,historical,2023-12-04,2024-03-28,77,2024-03-28,2023-03-28,243,True,0,0.0,0.064210526316,4.350306660975609,3,0.085,5.758807588075881
2024-03-29,1.491,tencent_finance,1.321,0.17,0.0003278688524590164,historical,2024-03-29,2024-07-01,61,2024-07-01,2023-03-29,243,True,0,0.0,0.064275237274,4.310881104896043,3,0.085,5.700871898054997
2024-04-01,1.495,tencent_finance,1.325,0.17,0.0003278688524590164,historical,2024-03-29,2024-07-01,61,2024-07-01,2023-04-01,242,True,0,0.0,0.064076790336,4.286072932173913,3,0.085,5.68561872909699
2024-04-02,1.501,tencent_finance,1.331,0.17,0.0003278688524590164,historical,2024-03-29,2024-07-01,61,2024-07-01,2023-04-02,243,True,0,0.0,0.064404659189,4.2907834236508995,3,0.085,5.662891405729514
2024-04-03,1.515,tencent_finance,1.345,0.17,0.0003278688524590164,historical,2024-03-29,2024-07-01,61,2024-07-01,2023-04-03,243,True,0,0.0,0.064469370147,4.255403970099009,3,0.085,5.610561056105611
2024-04-08,1.512,tencent_finance,1.342,0.17,0.0003278688524590164,historical,2024-03-29,2024-07-01,61,2024-07-01,2023-04-08,241,True,0,0.0,0.064007765315,4.233317811838624,3,0.085,5.621693121693122
2024-04-09,1.504,tencent_finance,1.334,0.17,0.0003278688524590164,historical,2024-03-29,2024-07-01,61,2024-07-01,2023-04-09,242,True,0,0.0,0.064335634167,4.277635250465425,3,0.085,5.651595744680852
2024-04-10,1.509,tencent_finance,1.339,0.17,0.0003278688524590164,historical,2024-03-29,2024-07-01,61,2024-07-01,2023-04-10,242,True,0,0.0,0.064400345125,4.267749842611,3,0.085,5.632869449966866
2024-04-11,1.524,tencent_finance,1.354,0.17,0.0003278688524590164,historical,2024-03-29,2024-07-01,61,2024-07-01,2023-04-11,242,True,0,0.0,0.064465056083,4.229990556627296,3,0.085,5.57742782152231
2024-04-12,1.519,tencent_finance,1.349,0.17,0.0003278688524590164,historical,2024-03-29,2024-07-01,61,2024-07-01,2023-04-12,242,True,0,0.0,0.064529767041,4.248174262080316,3,0.085,5.595786701777486
2024-04-15,1.546,tencent_finance,1.376,0.17,0.0003278688524590164,historical,2024-03-29,2024-07-01,61,2024-07-01,2023-04-15,241,True,0,0.0,0.064331320104,4.161146190426908,3,0.085,5.498059508408797
2024-04-16,1.545,tencent_finance,1.375,0.17,0.0003278688524590164,historical,2024-03-29,2024-07-01,61,2024-07-01,2023-04-16,242,True,0,0.0,0.064659188956,4.1850607738511325,3,0.085,5.501618122977347
2024-04-17,1.57,tencent_finance,1.4,0.17,0.0003278688524590164,historical,2024-03-29,2024-07-01,61,2024-07-01,2023-04-17,242,True,0,0.0,0.064723899914,4.122541395796178,3,0.085,5.414012738853503
2024-04-18,1.574,tencent_finance,1.404,0.17,0.0003278688524590164,historical,2024-03-29,2024-07-01,61,2024-07-01,2023-04-18,242,True,0,0.0,0.064788610871,4.116176040088945,3,0.085,5.400254129606099
2024-04-19,1.579,tencent_finance,1.409,0.17,0.0003278688524590164,historical,2024-03-29,2024-07-01,61,2024-07-01,2023-04-19,242,True,0,0.0,0.064853321829,4.107240141165295,3,0.085,5.383153894870171
2024-04-22,1.547,tencent_finance,1.377,0.17,0.0003278688524590164,historical,2024-03-29,2024-07-01,61,2024-07-01,2023-04-22,241,True,0,0.0,0.064654874892,4.179371356948934,3,0.085,5.494505494505495
2024-04-23,1.52,tencent_finance,1.35,0.17,0.0003278688524590164,historical,2024-03-29,2024-07-01,61,2024-07-01,2023-04-23,242,True,0,0.0,0.064982743745,4.2751805095394735,3,0.085,5.592105263157895
2024-04-24,1.52,tencent_finance,1.35,0.17,0.0003278688524590164,historical,2024-03-29,2024-07-01,61,2024-07-01,2023-04-24,242,True,0,0.0,0.065047454702,4.279437809342106,3,0.085,5.592105263157895
2024-04-25,1.529,tencent_finance,1.359,0.17,0.0003278688524590164,historical,2024-03-29,2024-07-01,61,2024-07-01,2023-04-25,242,True,0,0.0,0.06511216566,4.258480422498366,3,0.085,5.5591890124264225
2024-04-26,1.52,tencent_finance,1.35,0.17,0.0003278688524590164,historical,2024-03-29,2024-07-01,61,2024-07-01,2023-04-26,242,True,0,0.0,0.065176876618,4.2879524090789465,3,0.085,5.592105263157895
2024-04-29,1.519,tencent_finance,1.349,0.17,0.0003278688524590164,historical,2024-03-29,2024-07-01,61,2024-07-01,2023-04-29,241,True,0,0.0,0.064978429681,4.277710973074391,3,0.085,5.595786701777486
2024-04-30,1.521,tencent_finance,1.351,0.17,0.0003278688524590164,historical,2024-03-29,2024-07-01,61,2024-07-01,2023-04-30,242,True,0,0.0,0.065306298533,4.2936422441157145,3,0.085,5.588428665351743
2024-05-06,1.538,tencent_finance,1.368,0.17,0.0003278688524590164,historical,2024-03-29,2024-07-01,61,2024-07-01,2023-05-06,241,True,0,0.0,0.065107851596,4.233280337841352,3,0.085,5.52665799739922
2024-05-07,1.537,tencent_finance,1.367,0.17,0.0003278688524590164,historical,2024-03-29,2024-07-01,61,2024-07-01,2023-05-07,242,True,0,0.0,0.065435720449,4.257366327195837,3,0.085,5.530253741054001
2024-05-08,1.539,tencent_finance,1.369,0.17,0.0003278688524590164,historical,2024-03-29,2024-07-01,61,2024-07-01,2023-05-08,242,True,0,0.0,0.065500431406,4.256038427940221,3,0.085,5.523066926575699
2024-05-09,1.549,tencent_finance,1.379,0.17,0.0003278688524590164,historical,2024-03-29,2024-07-01,61,2024-07-01,2023-05-09,242,True,0,0.0,0.065565142364,4.232739984764365,3,0.085,5.487411233053583
2024-05-10,1.557,tencent_finance,1.387,0.17,0.0003278688524590164,historical,2024-03-29,2024-07-01,61,2024-07-01,2023-05-10,242,True,0,0.0,0.065629853322,4.215147933333333,3,0.085,5.459216441875403
2024-05-13,1.56,tencent_finance,1.39,0.17,0.0003278688524590164,historical,2024-03-29,2024-07-01,61,2024-07-01,2023-05-13,241,True,0,0.0,0.065431406385,4.194320922115384,3,0.085,5.448717948717949
2024-05-14,1.557,tencent_finance,1.387,0.17,0.0003278688524590164,historical,2024-03-29,2024-07-01,61,2024-07-01,2023-05-14,242,True,0,0.0,0.065759275237,4.223460195054592,3,0.085,5.459216441875403
2024-05-15,1.557,tencent_finance,1.387,0.17,0.0003278688524590164,historical,2024-03-29,2024-07-01,61,2024-07-01,2023-05-15,242,True,0,0.0,0.065823986195,4.227616325947335,3,0.085,5.459216441875403
2024-05-16,1.561,tencent_finance,1.391,0.17,0.0003278688524590164,historical,2024-03-29,2024-07-01,61,2024-07-01,2023-05-16,242,True,0,0.0,0.065888697153,4.220928709352979,3,0.085,5.44522741832159
2024-05-17,1.574,tencent_finance,1.404,0.17,0.0003278688524590164,historical,2024-03-29,2024-07-01,61,2024-07-01,2023-05-17,242,True,0,0.0,0.06595340811,4.190178405972046,3,0.085,5.400254129606099
2024-05-20,1.591,tencent_finance,1.421,0.17,0.0003278688524590164,historical,2024-03-29,2024-07-01,61,2024-07-01,2023-05-20,241,True,0,0.0,0.065754961173,4.1329328204274045,3,0.085,5.342551854179762
2024-05-21,1.596,tencent_finance,1.426,0.17,0.0003278688524590164,historical,2024-03-29,2024-07-01,61,2024-07-01,2023-05-21,242,True,0,0.0,0.066082830026,4.140528197117795,3,0.085,5.325814536340853
2024-05-22,1.596,tencent_finance,1.426,0.17,0.0003278688524590164,historical,2024-03-29,2024-07-01,61,2024-07-01,2023-05-22,242,True,0,0.0,0.066147540984,4.144582768421052,3,0.085,5.325814536340853
2024-05-23,1.574,tencent_finance,1.404,0.17,0.0003278688524590164,historical,2024-03-29,2024-07-01,61,2024-07-01,2023-05-23,242,True,0,0.0,0.066212251941,4.206623376175349,3,0.085,5.400254129606099
2024-05-24,1.571,tencent_finance,1.401,0.17,0.0003278688524590164,historical,2024-03-29,2024-07-01,61,2024-07-01,2023-05-24,242,True,0,0.0,0.066276962899,4.218775486887333,3,0.085,5.410566518141311
2024-05-27,1.594,tencent_finance,1.424,0.17,0.0003278688524590164,historical,2024-03-29,2024-07-01,61,2024-07-01,2023-05-27,241,True,0,0.0,0.066078515962,4.14545269523212,3,0.085,5.3324968632371395
2024-05-28,1.588,tencent_finance,1.418,0.17,0.0003278688524590164,historical,2024-03-29,2024-07-01,61,2024-07-01,2023-05-28,242,True,0,0.0,0.066406384814,4.181762267884131,3,0.085,5.352644836272041
2024-05-29,1.588,tencent_finance,1.418,0.17,0.0003278688524590164,historical,2024-03-29,2024-07-01,61,2024-07-01,2023-05-29,242,True,0,0.0,0.066471095772,4.185837265239294,3,0.085,5.352644836272041
2024-05-30,1.579,tencent_finance,1.409,0.17,0.0003278688524590164,historical,2024-03-29,2024-07-01,61,2024-07-01,2023-05-30,242,True,0,0.0,0.06653580673,4.2137939664344515,3,0.085,5.383153894870171
2024-05-31,1.581,tencent_finance,1.411,0.17,0.0003278688524590164,historical,2024-03-29,2024-07-01,61,2024-07-01,2023-05-31,242,True,0,0.0,0.066600517688,4.212556463504112,3,0.085,5.376344086021506
2024-06-03,1.567,tencent_finance,1.397,0.17,0.0003278688524590164,historical,2024-03-29,2024-07-01,61,2024-07-01,2023-06-03,241,True,0,0.0,0.066402070751,4.23752844613912,3,0.085,5.4243777919591585
2024-06-04,1.577,tencent_finance,1.407,0.17,0.0003278688524590164,historical,2024-03-29,2024-07-01,61,2024-07-01,2023-06-04,242,True,0,0.0,0.066729939603,4.231448294419785,3,0.085,5.38998097653773
2024-06-05,1.558,tencent_finance,1.388,0.17,0.0003278688524590164,historical,2024-03-29,2024-07-01,61,2024-07-01,2023-06-05,242,True,0,0.0,0.066794650561,4.287204785686778,3,0.085,5.455712451861361
2024-06-06,1.56,tencent_finance,1.39,0.17,0.0003278688524590164,historical,2024-03-29,2024-07-01,61,2024-07-01,2023-06-06,242,True,0,0.0,0.066859361519,4.285856507628205,3,0.085,5.448717948717949
2024-06-07,1.574,tencent_finance,1.404,0.17,0.0003278688524590164,historical,2024-03-29,2024-07-01,61,2024-07-01,2023-06-07,242,True,0,0.0,0.066924072476,4.251847044218551,3,0.085,5.400254129606099
2024-06-11,1.55,tencent_finance,1.38,0.17,0.0003278688524590164,historical,2024-03-29,2024-07-01,61,2024-07-01,2023-06-11,241,True,0,0.0,0.066725625539,4.304879067032258,3,0.085,5.483870967741936
2024-06-12,1.566,tencent_finance,1.396,0.17,0.0003278688524590164,historical,2024-03-29,2024-07-01,61,2024-07-01,2023-06-12,241,True,0,0.0,0.066790336497,4.265027873371648,3,0.085,5.427841634738187
2024-06-13,1.551,tencent_finance,1.381,0.17,0.0003278688524590164,historical,2024-03-29,2024-07-01,61,2024-07-01,2023-06-13,241,True,0,0.0,0.066855047455,4.310447933913604,3,0.085,5.480335267569311
2024-06-14,1.554,tencent_finance,1.384,0.17,0.0003278688524590164,historical,2024-03-29,2024-07-01,61,2024-07-01,2023-06-14,241,True,0,0.0,0.066919758412,4.30629076010296,3,0.085,5.469755469755469
2024-06-17,1.531,tencent_finance,1.361,0.17,0.0003278688524590164,historical,2024-03-29,2024-07-01,61,2024-07-01,2023-06-17,240,True,0,0.0,0.066721311475,4.358021650881777,2,0.05,3.2658393207054215
2024-06-18,1.537,tencent_finance,1.367,0.17,0.0003278688524590164,historical,2024-03-29,2024-07-01,61,2024-07-01,2023-06-18,241,True,0,0.0,0.067049180328,4.362340945217957,2,0.05,3.253090435914119
2024-06-19,1.532,tencent_finance,1.362,0.17,0.0003278688524590164,historical,2024-03-29,2024-07-01,61,2024-07-01,2023-06-19,241,True,0,0.0,0.06706454918,4.377581539164491,2,0.05,3.263707571801567
2024-06-20,1.53,tencent_finance,1.36,0.17,0.0003278688524590164,historical,2024-03-29,2024-07-01,61,2024-07-01,2023-06-20,241,True,0,0.0,0.067079918033,4.384308368169934,2,0.05,3.2679738562091507
2024-06-21,1.53,tencent_finance,1.36,0.17,0.0003278688524590164,historical,2024-03-29,2024-07-01,61,2024-07-01,2023-06-21,241,True,0,0.0,0.067095286885,4.3853128683006535,2,0.05,3.2679738562091507
2024-06-24,1.511,tencent_finance,1.341,0.17,0.0003278688524590164,historical,2024-03-29,2024-07-01,61,2024-07-01,2023-06-24,242,True,0,0.0,0.067423155738,4.462154582263402,2,0.05,3.3090668431502324
2024-06-25,1.514,tencent_finance,1.344,0.17,0.0003278688524590164,historical,2024-03-29,2024-07-01,61,2024-07-01,2023-06-25,243,True,0,0.0,0.06775102459,4.474968599075297,2,0.05,3.302509907529723
2024-06-26,1.523,tencent_finance,1.353,0.17,0.0003278688524590164,historical,2024-03-29,2024-07-01,61,2024-07-01,2023-06-26,243,True,0,0.0,0.067766393443,4.449533384307289,2,0.05,3.282994090610637
2024-06-27,1.517,tencent_finance,1.347,0.17,0.0003278688524590164,historical,2024-03-29,2024-07-01,61,2024-07-01,2023-06-27,243,True,0,0.0,0.067781762295,4.468145174357285,2,0.05,3.2959789057350037
2024-06-28,1.524,tencent_finance,1.354,0.17,0.0003278688524590164,historical,2024-03-29,2024-07-01,61,2024-07-01,2023-06-28,243,True,0,0.0,0.067797131148,4.448630652755906,2,0.05,3.2808398950131235
2024-07-01,1.536,tencent_finance,1.386,0.15,0.0003278688524590164,historical,2024-03-29,2024-07-01,61,2024-07-01,2023-07-01,242,True,0,0.0,0.0675,4.39453125,3,0.07,4.557291666666667
2024-07-02,1.533,tencent_finance,1.383,0.15,0.0002631578947368421,historical,2024-07-02,2024-09-20,57,2024-09-20,2023-07-02,243,True,0,0.0,0.067763157895,4.420297318656229,3,0.07,4.566210045662101
2024-07-03,1.522,tencent_finance,1.372,0.15,0.0002631578947368421,historical,2024-07-02,2024-09-20,57,2024-09-20,2023-07-03,243,True,0,0.0,0.067713815789,4.449002351445467,3,0.07,4.599211563731933
2024-07-04,1.514,tencent_finance,1.364,0.15,0.0002631578947368421,historical,2024-07-02,2024-09-20,57,2024-09-20,2023-07-04,243,True,0,0.0,0.067664473684,4.469251894583884,3,0.07,4.623513870541612
2024-07-05,1.508,tencent_finance,1.358,0.15,0.0002631578947368421,historical,2024-07-02,2024-09-20,57,2024-09-20,2023-07-05,243,True,0,0.0,0.067615131579,4.483762041047745,3,0.07,4.641909814323608
2024-07-08,1.498,tencent_finance,1.348,0.15,0.0002631578947368421,historical,2024-07-02,2024-09-20,57,2024-09-20,2023-07-08,242,True,0,0.0,0.067253289474,4.48953868317757,3,0.07,4.672897196261683
2024-07-09,1.517,tencent_finance,1.367,0.15,0.0002631578947368421,historical,2024-07-02,2024-09-20,57,2024-09-20,2023-07-09,243,True,0,0.0,0.067516447368,4.450655726301911,3,0.07,4.614370468029005
2024-07-10,1.491,tencent_finance,1.341,0.15,0.0002631578947368421,historical,2024-07-02,2024-09-20,57,2024-09-20,2023-07-10,243,True,0,0.0,0.067467105263,4.5249567580818235,3,0.07,4.694835680751174
2024-07-11,1.495,tencent_finance,1.345,0.15,0.0002631578947368421,historical,2024-07-02,2024-09-20,57,2024-09-20,2023-07-11,243,True,0,0.0,0.067417763158,4.509549375117056,3,0.07,4.682274247491639
2024-07-12,1.492,tencent_finance,1.342,0.15,0.0002631578947368421,historical,2024-07-02,2024-09-20,57,2024-09-20,2023-07-12,243,True,0,0.0,0.067368421053,4.515309722050938,3,0.07,4.6916890080428955
2024-07-15,1.505,tencent_finance,1.355,0.15,0.0002631578947368421,historical,2024-07-02,2024-09-20,57,2024-09-20,2023-07-15,242,True,0,0.0,0.067006578947,4.4522643818604655,3,0.07,4.651162790697675
2024-07-16,1.5,tencent_finance,1.35,0.15,0.0002631578947368421,historical,2024-07-02,2024-09-20,57,2024-09-20,2023-07-16,243,True,0,0.0,0.067269736842,4.4846491228,3,0.07,4.666666666666667
2024-07-17,1.492,tencent_finance,1.342,0.15,0.0002631578947368421,historical,2024-07-02,2024-09-20,57,2024-09-20,2023-07-17,243,True,0,0.0,0.067220394737,4.5053883871983915,3,0.07,4.6916890080428955
2024-07-18,1.492,tencent_finance,1.342,0.15,0.0002631578947368421,historical,2024-07-02,2024-09-20,57,2024-09-20,2023-07-18,243,True,0,0.0,0.067171052632,4.502081275603217,3,0.07,4.6916890080428955
2024-07-19,1.485,tencent_finance,1.335,0.15,0.0002631578947368421,historical,2024-07-02,2024-09-20,57,2024-09-20,2023-07-19,243,True,0,0.0,0.067121710526,4.519980506801346,3,0.07,4.713804713804714
2024-07-22,1.471,tencent_finance,1.321,0.15,0.0002631578947368421,historical,2024-07-02,2024-09-20,57,2024-09-20,2023-07-22,242,True,0,0.0,0.066759868421,4.538400300543848,3,0.07,4.758667573079538
2024-07-23,1.454,tencent_finance,1.304,0.15,0.0002631578947368421,historical,2024-07-02,2024-09-20,57,2024-09-20,2023-07-23,243,True,0,0.0,0.067023026316,4.609561644841817,3,0.07,4.814305364511692
2024-07-24,1.449,tencent_finance,1.299,0.15,0.0002631578947368421,historical,2024-07-02,2024-09-20,57,2024-09-20,2023-07-24,243,True,0,0.0,0.066973684211,4.622062402415459,3,0.07,4.830917874396135
2024-07-25,1.449,tencent_finance,1.299,0.15,0.0002631578947368421,historical,2024-07-02,2024-09-20,57,2024-09-20,2023-07-25,243,True,0,0.0,0.066924342105,4.6186571501035205,3,0.07,4.830917874396135
2024-07-26,1.448,tencent_finance,1.298,0.15,0.0002631578947368421,historical,2024-07-02,2024-09-20,57,2024-09-20,2023-07-26,243,True,0,0.0,0.066875,4.618439226519337,3,0.07,4.83425414364641
2024-07-29,1.449,tencent_finance,1.299,0.15,0.0002631578947368421,historical,2024-07-02,2024-09-20,57,2024-09-20,2023-07-29,242,True,0,0.0,0.066513157895,4.590280047964113,3,0.07,4.830917874396135
2024-07-30,1.44,tencent_finance,1.29,0.15,0.0002631578947368421,historical,2024-07-02,2024-09-20,57,2024-09-20,2023-07-30,243,True,0,0.0,0.066776315789,4.6372441520138885,3,0.07,4.861111111111112
2024-07-31,1.464,tencent_finance,1.314,0.15,0.0002631578947368421,historical,2024-07-02,2024-09-20,57,2024-09-20,2023-07-31,243,True,0,0.0,0.066726973684,4.557853393715847,3,0.07,4.781420765027323
2024-08-01,1.461,tencent_finance,1.311,0.15,0.0002631578947368421,historical,2024-07-02,2024-09-20,57,2024-09-20,2023-08-01,243,True,0,0.0,0.066677631579,4.563835152566735,3,0.07,4.791238877481177
2024-08-02,1.458,tencent_finance,1.308,0.15,0.0002631578947368421,historical,2024-07-02,2024-09-20,57,2024-09-20,2023-08-02,243,True,0,0.0,0.066628289474,4.56984152770919,3,0.07,4.801097393689987
2024-08-05,1.441,tencent_finance,1.291,0.15,0.0002631578947368421,historical,2024-07-02,2024-09-20,57,2024-09-20,2023-08-05,242,True,0,0.0,0.066266447368,4.598643120610687,3,0.07,4.857737682165164
2024-08-06,1.434,tencent_finance,1.284,0.15,0.0002631578947368421,historical,2024-07-02,2024-09-20,57,2024-09-20,2023-08-06,243,True,0,0.0,0.066529605263,4.639442486959553,3,0.07,4.88145048814505
2024-08-07,1.438,tencent_finance,1.288,0.15,0.0002631578947368421,historical,2024-07-02,2024-09-20,57,2024-09-20,2023-08-07,243,True,0,0.0,0.066480263158,4.6231059219749655,3,0.07,4.867872044506259
2024-08-08,1.447,tencent_finance,1.297,0.15,0.0002631578947368421,historical,2024-07-02,2024-09-20,57,2024-09-20,2023-08-08,243,True,0,0.0,0.066430921053,4.590941330545957,3,0.07,4.8375950241879755
2024-08-09,1.439,tencent_finance,1.289,0.15,0.0002631578947368421,historical,2024-07-02,2024-09-20,57,2024-09-20,2023-08-09,243,True,0,0.0,0.066381578947,4.613035368102849,3,0.07,4.864489228630994
2024-08-12,1.447,tencent_finance,1.297,0.15,0.0002631578947368421,historical,2024-07-02,2024-09-20,57,2024-09-20,2023-08-12,242,True,0,0.0,0.066019736842,4.5625250063579825,3,0.07,4.8375950241879755
2024-08-13,1.448,tencent_finance,1.298,0.15,0.0002631578947368421,historical,2024-07-02,2024-09-20,57,2024-09-20,2023-08-13,243,True,0,0.0,0.066282894737,4.577547979074586,3,0.07,4.83425414364641
2024-08-14,1.444,tencent_finance,1.294,0.15,0.0002631578947368421,historical,2024-07-02,2024-09-20,57,2024-09-20,2023-08-14,243,True,0,0.0,0.066233552632,4.5868111240997225,3,0.07,4.847645429362882
2024-08-15,1.457,tencent_finance,1.307,0.15,0.0002631578947368421,historical,2024-07-02,2024-09-20,57,2024-09-20,2023-08-15,243,True,0,0.0,0.066184210526,4.542499006588882,3,0.07,4.80439258750858
2024-08-16,1.457,tencent_finance,1.307,0.15,0.0002631578947368421,historical,2024-07-02,2024-09-20,57,2024-09-20,2023-08-16,243,True,0,0.0,0.066134868421,4.539112451681538,3,0.07,4.80439258750858
2024-08-19,1.47,tencent_finance,1.32,0.15,0.0002631578947368421,historical,2024-07-02,2024-09-20,57,2024-09-20,2023-08-19,242,True,0,0.0,0.065773026316,4.474355531700681,3,0.07,4.761904761904763
2024-08-20,1.453,tencent_finance,1.303,0.15,0.0002631578947368421,historical,2024-07-02,2024-09-20,57,2024-09-20,2023-08-20,243,True,0,0.0,0.066036184211,4.544816532071576,3,0.07,4.817618719889883
2024-08-21,1.438,tencent_finance,1.288,0.15,0.0002631578947368421,historical,2024-07-02,2024-09-20,57,2024-09-20,2023-08-21,243,True,0,0.0,0.065986842105,4.588792914116829,3,0.07,4.867872044506259
2024-08-22,1.438,tencent_finance,1.288,0.15,0.0002631578947368421,historical,2024-07-02,2024-09-20,57,2024-09-20,2023-08-22,243,True,0,0.0,0.0659375,4.5853616133518775,3,0.07,4.867872044506259
2024-08-23,1.439,tencent_finance,1.289,0.15,0.0002631578947368421,historical,2024-07-02,2024-09-20,57,2024-09-20,2023-08-23,243,True,0,0.0,0.065888157895,4.578746205350938,3,0.07,4.864489228630994
2024-08-26,1.437,tencent_finance,1.287,0.15,0.0002631578947368421,historical,2024-07-02,2024-09-20,57,2024-09-20,2023-08-26,242,True,0,0.0,0.065526315789,4.559938468267224,3,0.07,4.8712595685455815
2024-08-27,1.436,tencent_finance,1.286,0.15,0.0002631578947368421,historical,2024-07-02,2024-09-20,57,2024-09-20,2023-08-27,243,True,0,0.0,0.065789473684,4.581439671587743,3,0.07,4.874651810584959
2024-08-28,1.431,tencent_finance,1.281,0.15,0.0002631578947368421,historical,2024-07-02,2024-09-20,57,2024-09-20,2023-08-28,243,True,0,0.0,0.065740131579,4.593999411530398,3,0.07,4.8916841369671555
2024-08-29,1.411,tencent_finance,1.261,0.15,0.0002631578947368421,historical,2024-07-02,2024-09-20,57,2024-09-20,2023-08-29,243,True,0,0.0,0.065690789474,4.655619381573352,3,0.07,4.961020552799433
2024-08-30,1.418,tencent_finance,1.268,0.15,0.0002631578947368421,historical,2024-07-02,2024-09-20,57,2024-09-20,2023-08-30,243,True,0,0.0,0.065641447368,4.629157078138222,3,0.07,4.9365303244005645
2024-09-02,1.418,tencent_finance,1.268,0.15,0.0002631578947368421,historical,2024-07-02,2024-09-20,57,2024-09-20,2023-09-02,242,True,0,0.0,0.065279605263,4.60363929922426,3,0.07,4.9365303244005645
2024-09-03,1.41,tencent_finance,1.26,0.15,0.0002631578947368421,historical,2024-07-02,2024-09-20,57,2024-09-20,2023-09-03,243,True,0,0.0,0.065542763158,4.648422919007093,3,0.07,4.964539007092199
2024-09-04,1.408,tencent_finance,1.258,0.15,0.0002631578947368421,historical,2024-07-02,2024-09-20,57,2024-09-20,2023-09-04,243,True,0,0.0,0.065493421053,4.651521381605114,3,0.07,4.971590909090909
2024-09-05,1.411,tencent_finance,1.261,0.15,0.0002631578947368421,historical,2024-07-02,2024-09-20,57,2024-09-20,2023-09-05,243,True,0,0.0,0.065444078947,4.638134581644223,3,0.07,4.961020552799433
2024-09-06,1.398,tencent_finance,1.248,0.15,0.0002631578947368421,historical,2024-07-02,2024-09-20,57,2024-09-20,2023-09-06,243,True,0,0.0,0.065394736842,4.67773511030043,3,0.07,5.007153075822605
2024-09-09,1.373,tencent_finance,1.223,0.15,0.0002631578947368421,historical,2024-07-02,2024-09-20,57,2024-09-20,2023-09-09,242,True,0,0.0,0.065032894737,4.736554605753823,3,0.07,5.098324836125274
2024-09-10,1.373,tencent_finance,1.223,0.15,0.0002631578947368421,historical,2024-07-02,2024-09-20,57,2024-09-20,2023-09-10,243,True,0,0.0,0.065296052632,4.755721240495266,3,0.07,5.098324836125274
2024-09-11,1.35,tencent_finance,1.2,0.15,0.0002631578947368421,historical,2024-07-02,2024-09-20,57,2024-09-20,2023-09-11,243,True,0,0.0,0.065246710526,4.833089668592592,3,0.07,5.185185185185185
2024-09-12,1.353,tencent_finance,1.203,0.15,0.0002631578947368421,historical,2024-07-02,2024-09-20,57,2024-09-20,2023-09-12,243,True,0,0.0,0.065197368421,4.818726416925352,3,0.07,5.173688100517369
2024-09-13,1.348,tencent_finance,1.198,0.15,0.0002631578947368421,historical,2024-07-02,2024-09-20,57,2024-09-20,2023-09-13,243,True,0,0.0,0.065148026316,4.83293963768546,3,0.07,5.192878338278932
2024-09-18,1.362,tencent_finance,1.212,0.15,0.0002631578947368421,historical,2024-07-02,2024-09-20,57,2024-09-20,2023-09-18,241,True,0,0.0,0.064473684211,4.733750676284874,3,0.07,5.139500734214391
2024-09-19,1.367,tencent_finance,1.217,0.15,0.0002631578947368421,historical,2024-07-02,2024-09-20,57,2024-09-20,2023-09-19,241,True,0,0.0,0.064424342105,4.712826781638626,3,0.07,5.120702267739576
2024-09-20,1.35,tencent_finance,1.215,0.135,0.0002631578947368421,historical,2024-07-02,2024-09-20,57,2024-09-20,2023-09-20,241,True,0,0.0,0.064375,4.768518518518518,4,0.085,6.296296296296296
2024-09-23,1.366,tencent_finance,1.231,0.135,0.0004347826086956522,historical,2024-09-23,2024-12-02,46,2024-12-02,2023-09-23,240,True,0,0.0,0.064184782609,4.6987395760614925,4,0.085,6.222547584187408
2024-09-24,1.424,tencent_finance,1.289,0.135,0.0004347826086956522,historical,2024-09-23,2024-12-02,46,2024-12-02,2023-09-24,241,True,0,0.0,0.064619565217,4.537890815800562,4,0.085,5.9691011235955065
2024-09-25,1.445,tencent_finance,1.31,0.135,0.0004347826086956522,historical,2024-09-23,2024-12-02,46,2024-12-02,2023-09-25,241,True,0,0.0,0.064741847826,4.48040469384083,4,0.085,5.88235294117647
2024-09-26,1.498,tencent_finance,1.363,0.135,0.0004347826086956522,historical,2024-09-23,2024-12-02,46,2024-12-02,2023-09-26,241,True,0,0.0,0.064864130435,4.330048760680908,4,0.085,5.674232309746329
2024-09-27,1.502,tencent_finance,1.367,0.135,0.0004347826086956522,historical,2024-09-23,2024-12-02,46,2024-12-02,2023-09-27,241,True,0,0.0,0.064986413043,4.326658657989348,4,0.085,5.659121171770972
2024-09-30,1.62,tencent_finance,1.485,0.135,0.0004347826086956522,historical,2024-09-23,2024-12-02,46,2024-12-02,2023-09-30,241,True,0,0.0,0.065108695652,4.019055287160493,4,0.085,5.246913580246913
2024-10-08,1.631,tencent_finance,1.496,0.135,0.0004347826086956522,historical,2024-09-23,2024-12-02,46,2024-12-02,2023-10-08,242,True,0,0.0,0.065543478261,4.018606882955242,4,0.085,5.211526670754139
2024-10-09,1.5,tencent_finance,1.365,0.135,0.0004347826086956522,historical,2024-09-23,2024-12-02,46,2024-12-02,2023-10-09,242,True,0,0.0,0.06566576087,4.377717391333333,4,0.085,5.666666666666667
2024-10-10,1.551,tencent_finance,1.416,0.135,0.0004347826086956522,historical,2024-09-23,2024-12-02,46,2024-12-02,2023-10-10,242,True,0,0.0,0.065788043478,4.241653351257254,4,0.085,5.480335267569311
2024-10-11,1.527,tencent_finance,1.392,0.135,0.0004347826086956522,historical,2024-09-23,2024-12-02,46,2024-12-02,2023-10-11,242,True,0,0.0,0.065910326087,4.316327838048461,4,0.085,5.566470203012443
2024-10-14,1.566,tencent_finance,1.431,0.135,0.0004347826086956522,historical,2024-09-23,2024-12-02,46,2024-12-02,2023-10-14,241,True,0,0.0,0.065720108696,4.196686379054918,4,0.085,5.427841634738187
2024-10-15,1.533,tencent_finance,1.398,0.135,0.0004347826086956522,historical,2024-09-23,2024-12-02,46,2024-12-02,2023-10-15,242,True,0,0.0,0.066154891304,4.31538756060013,4,0.085,5.5446836268754085
2024-10-16,1.553,tencent_finance,1.418,0.135,0.0004347826086956522,historical,2024-09-23,2024-12-02,46,2024-12-02,2023-10-16,242,True,0,0.0,0.066277173913,4.267686665357373,4,0.085,5.473277527366388
2024-10-17,1.529,tencent_finance,1.394,0.135,0.0004347826086956522,historical,2024-09-23,2024-12-02,46,2024-12-02,2023-10-17,242,True,0,0.0,0.066399456522,4.342672107390451,4,0.085,5.5591890124264225
2024-10-18,1.542,tencent_finance,1.407,0.135,0.0004347826086956522,historical,2024-09-23,2024-12-02,46,2024-12-02,2023-10-18,242,True,0,0.0,0.06652173913,4.313990864461738,4,0.085,5.512321660181583
2024-10-21,1.533,tencent_finance,1.398,0.135,0.0004347826086956522,historical,2024-09-23,2024-12-02,46,2024-12-02,2023-10-21,241,True,0,0.0,0.066331521739,4.3269094415525124,4,0.085,5.5446836268754085
2024-10-22,1.538,tencent_finance,1.403,0.135,0.0004347826086956522,historical,2024-09-23,2024-12-02,46,2024-12-02,2023-10-22,242,True,0,0.0,0.066766304348,4.341112116254877,4,0.085,5.52665799739922
2024-10-23,1.541,tencent_finance,1.406,0.135,0.0004347826086956522,historical,2024-09-23,2024-12-02,46,2024-12-02,2023-10-23,242,True,0,0.0,0.066888586957,4.340596168526932,4,0.085,5.515898767034394
2024-10-24,1.535,tencent_finance,1.4,0.135,0.0004347826086956522,historical,2024-09-23,2024-12-02,46,2024-12-02,2023-10-24,242,True,0,0.0,0.067010869565,4.365528961889251,4,0.085,5.537459283387623
2024-10-25,1.538,tencent_finance,1.403,0.135,0.0004347826086956522,historical,2024-09-23,2024-12-02,46,2024-12-02,2023-10-25,242,True,0,0.0,0.067133152174,4.364964380624187,4,0.085,5.52665799739922
2024-10-28,1.552,tencent_finance,1.417,0.135,0.0004347826086956522,historical,2024-09-23,2024-12-02,46,2024-12-02,2023-10-28,241,True,0,0.0,0.066942934783,4.31333342673969,4,0.085,5.47680412371134
2024-10-29,1.527,tencent_finance,1.392,0.135,0.0004347826086956522,historical,2024-09-23,2024-12-02,46,2024-12-02,2023-10-29,242,True,0,0.0,0.067377717391,4.412424190635233,4,0.085,5.566470203012443
2024-10-30,1.513,tencent_finance,1.378,0.135,0.0004347826086956522,historical,2024-09-23,2024-12-02,46,2024-12-02,2023-10-30,242,True,0,0.0,0.0675,4.461335095836088,4,0.085,5.617977528089888
2024-10-31,1.508,tencent_finance,1.373,0.135,0.0004347826086956522,historical,2024-09-23,2024-12-02,46,2024-12-02,2023-10-31,242,True,0,0.0,0.067622282609,4.484236247281167,4,0.085,5.63660477453581
2024-11-01,1.521,tencent_finance,1.386,0.135,0.0004347826086956522,historical,2024-09-23,2024-12-02,46,2024-12-02,2023-11-01,242,True,0,0.0,0.067744565217,4.453949060946746,4,0.085,5.588428665351743
2024-11-04,1.532,tencent_finance,1.397,0.135,0.0004347826086956522,historical,2024-09-23,2024-12-02,46,2024-12-02,2023-11-04,241,True,0,0.0,0.067554347826,4.409552730156658,4,0.085,5.5483028720626635
2024-11-05,1.552,tencent_finance,1.417,0.135,0.0004347826086956522,historical,2024-09-23,2024-12-02,46,2024-12-02,2023-11-05,242,True,0,0.0,0.067989130435,4.380742940399484,4,0.085,5.47680412371134
2024-11-06,1.547,tencent_finance,1.412,0.135,0.0004347826086956522,historical,2024-09-23,2024-12-02,46,2024-12-02,2023-11-06,242,True,0,0.0,0.068111413043,4.402806272979961,4,0.085,5.494505494505495
2024-11-07,1.578,tencent_finance,1.443,0.135,0.0004347826086956522,historical,2024-09-23,2024-12-02,46,2024-12-02,2023-11-07,242,True,0,0.0,0.068233695652,4.324061828390368,4,0.085,5.386565272496831
2024-11-08,1.562,tencent_finance,1.427,0.135,0.0004347826086956522,historical,2024-09-23,2024-12-02,46,2024-12-02,2023-11-08,242,True,0,0.0,0.068355978261,4.376182987259923,4,0.085,5.441741357234315
2024-11-11,1.547,tencent_finance,1.412,0.135,0.0004347826086956522,historical,2024-09-23,2024-12-02,46,2024-12-02,2023-11-11,241,True,0,0.0,0.06816576087,4.406319383968972,4,0.085,5.494505494505495
2024-11-12,1.538,tencent_finance,1.403,0.135,0.0004347826086956522,historical,2024-09-23,2024-12-02,46,2024-12-02,2023-11-12,242,True,0,0.0,0.068600543478,4.46037343810143,4,0.085,5.52665799739922
2024-11-13,1.546,tencent_finance,1.411,0.135,0.0004347826086956522,historical,2024-09-23,2024-12-02,46,2024-12-02,2023-11-13,242,True,0,0.0,0.068722826087,4.445202204851229,4,0.085,5.498059508408797
2024-11-14,1.526,tencent_finance,1.391,0.135,0.0004347826086956522,historical,2024-09-23,2024-12-02,46,2024-12-02,2023-11-14,242,True,0,0.0,0.068845108696,4.511475012844037,4,0.085,5.5701179554390565
2024-11-15,1.521,tencent_finance,1.386,0.135,0.0004347826086956522,historical,2024-09-23,2024-12-02,46,2024-12-02,2023-11-15,242,True,0,0.0,0.068967391304,4.53434525338593,4,0.085,5.588428665351743
2024-11-18,1.548,tencent_finance,1.413,0.135,0.0004347826086956522,historical,2024-09-23,2024-12-02,46,2024-12-02,2023-11-18,241,True,0,0.0,0.068777173913,4.442969891020672,4,0.085,5.4909560723514215
2024-11-19,1.545,tencent_finance,1.41,0.135,0.0004347826086956522,historical,2024-09-23,2024-12-02,46,2024-12-02,2023-11-19,242,True,0,0.0,0.069211956522,4.479738286213593,4,0.085,5.501618122977347
2024-11-20,1.55,tencent_finance,1.415,0.135,0.0004347826086956522,historical,2024-09-23,2024-12-02,46,2024-12-02,2023-11-20,242,True,0,0.0,0.06933423913,4.473176718064517,4,0.085,5.483870967741936
2024-11-21,1.551,tencent_finance,1.416,0.135,0.0004347826086956522,historical,2024-09-23,2024-12-02,46,2024-12-02,2023-11-21,242,True,0,0.0,0.069456521739,4.478176772340426,4,0.085,5.480335267569311
2024-11-22,1.511,tencent_finance,1.376,0.135,0.0004347826086956522,historical,2024-09-23,2024-12-02,46,2024-12-02,2023-11-22,242,True,0,0.0,0.069578804348,4.60481828908008,4,0.085,5.625413633355395
2024-11-25,1.51,tencent_finance,1.375,0.135,0.0004347826086956522,historical,2024-09-23,2024-12-02,46,2024-12-02,2023-11-25,241,True,0,0.0,0.069388586957,4.595270659403973,4,0.085,5.629139072847682
2024-11-26,1.511,tencent_finance,1.376,0.135,0.0004347826086956522,historical,2024-09-23,2024-12-02,46,2024-12-02,2023-11-26,242,True,0,0.0,0.069823369565,4.62100394209133,4,0.085,5.625413633355395
2024-11-27,1.526,tencent_finance,1.391,0.135,0.0004347826086956522,historical,2024-09-23,2024-12-02,46,2024-12-02,2023-11-27,242,True,0,0.0,0.069945652174,4.583594506815204,4,0.085,5.5701179554390565
2024-11-28,1.523,tencent_finance,1.388,0.135,0.0004347826086956522,historical,2024-09-23,2024-12-02,46,2024-12-02,2023-11-28,242,True,0,0.0,0.070067934783,4.60065231667761,4,0.085,5.581089954038084
2024-11-29,1.534,tencent_finance,1.399,0.135,0.0004347826086956522,historical,2024-09-23,2024-12-02,46,2024-12-02,2023-11-29,242,True,0,0.0,0.070190217391,4.575633467470665,4,0.085,5.541069100391135
2024-12-02,1.52,tencent_finance,1.405,0.115,0.0004347826086956522,historical,2024-09-23,2024-12-02,46,2024-12-02,2023-12-02,241,True,0,0.0,0.07,4.605263157894737,4,0.07,4.605263157894737
2024-12-03,1.532,tencent_finance,1.417,0.115,0.00021428571428571427,historical,2024-12-03,2025-03-19,70,2025-03-19,2023-12-03,242,True,0,0.0,0.070214285714,4.583177918668407,4,0.07,4.569190600522194
2024-12-04,1.536,tencent_finance,1.421,0.115,0.00021428571428571427,historical,2024-12-03,2025-03-19,70,2025-03-19,2023-12-04,242,True,0,0.0,0.070233766234,4.572510822526041,4,0.07,4.557291666666667
2024-12-05,1.534,tencent_finance,1.419,0.115,0.00021428571428571427,historical,2024-12-03,2025-03-19,70,2025-03-19,2023-12-05,242,True,0,0.0,0.070253246753,4.5797422915906125,4,0.07,4.563233376792699
2024-12-06,1.554,tencent_finance,1.439,0.115,0.00021428571428571427,historical,2024-12-03,2025-03-19,70,2025-03-19,2023-12-06,242,True,0,0.0,0.070272727273,4.522054522072072,4,0.07,4.504504504504505
2024-12-09,1.557,tencent_finance,1.442,0.115,0.00021428571428571427,historical,2024-12-03,2025-03-19,70,2025-03-19,2023-12-09,241,True,0,0.0,0.070097402597,4.50208109165061,4,0.07,4.49582530507386
2024-12-10,1.559,tencent_finance,1.444,0.115,0.00021428571428571427,historical,2024-12-03,2025-03-19,70,2025-03-19,2023-12-10,242,True,0,0.0,0.070311688312,4.510050565234125,4,0.07,4.490057729313663
2024-12-11,1.568,tencent_finance,1.453,0.115,0.00021428571428571427,historical,2024-12-03,2025-03-19,70,2025-03-19,2023-12-11,242,True,0,0.0,0.070331168831,4.485406175446428,4,0.07,4.464285714285714
2024-12-12,1.573,tencent_finance,1.458,0.115,0.00021428571428571427,historical,2024-12-03,2025-03-19,70,2025-03-19,2023-12-12,242,True,0,0.0,0.070350649351,4.472387117037508,4,0.07,4.450095359186268
2024-12-13,1.549,tencent_finance,1.434,0.115,0.00021428571428571427,historical,2024-12-03,2025-03-19,70,2025-03-19,2023-12-13,242,True,0,0.0,0.07037012987,4.54293930729503,4,0.07,4.519044544867657
2024-12-16,1.557,tencent_finance,1.442,0.115,0.00021428571428571427,historical,2024-12-03,2025-03-19,70,2025-03-19,2023-12-16,241,True,0,0.0,0.070194805195,4.508336878291587,4,0.07,4.49582530507386
2024-12-17,1.549,tencent_finance,1.434,0.115,0.00021428571428571427,historical,2024-12-03,2025-03-19,70,2025-03-19,2023-12-17,242,True,0,0.0,0.070409090909,4.545454545448677,4,0.07,4.519044544867657
2024-12-18,1.558,tencent_finance,1.443,0.115,0.00021428571428571427,historical,2024-12-03,2025-03-19,70,2025-03-19,2023-12-18,242,True,0,0.0,0.070428571429,4.520447460141206,4,0.07,4.492939666238768
2024-12-19,1.542,tencent_finance,1.427,0.115,0.00021428571428571427,historical,2024-12-03,2025-03-19,70,2025-03-19,2023-12-19,242,True,0,0.0,0.070448051948,4.56861556083009,4,0.07,4.539559014267186
2024-12-20,1.532,tencent_finance,1.417,0.115,0.00021428571428571427,historical,2024-12-03,2025-03-19,70,2025-03-19,2023-12-20,242,True,0,0.0,0.070467532468,4.599708385639686,4,0.07,4.569190600522194
2024-12-23,1.531,tencent_finance,1.416,0.115,0.00021428571428571427,historical,2024-12-03,2025-03-19,70,2025-03-19,2023-12-23,241,True,0,0.0,0.070292207792,4.591261122926193,4,0.07,4.5721750489875905
2024-12-24,1.546,tencent_finance,1.431,0.115,0.00021428571428571427,historical,2024-12-03,2025-03-19,70,2025-03-19,2023-12-24,242,True,0,0.0,0.070506493506,4.56057525912031,4,0.07,4.527813712807245
2024-12-25,1.552,tencent_finance,1.437,0.115,0.00021428571428571427,historical,2024-12-03,2025-03-19,70,2025-03-19,2023-12-25,242,True,0,0.0,0.070525974026,4.54419935734536,4,0.07,4.510309278350516
2024-12-26,1.549,tencent_finance,1.434,0.115,0.00021428571428571427,historical,2024-12-03,2025-03-19,70,2025-03-19,2023-12-26,242,True,0,0.0,0.070545454545,4.554257878954164,4,0.07,4.519044544867657
2024-12-27,1.55,tencent_finance,1.435,0.115,0.00021428571428571427,historical,2024-12-03,2025-03-19,70,2025-03-19,2023-12-27,242,True,0,0.0,0.070564935065,4.552576455806451,4,0.07,4.516129032258065
2024-12-30,1.567,tencent_finance,1.452,0.115,0.00021428571428571427,historical,2024-12-03,2025-03-19,70,2025-03-19,2023-12-30,241,True,0,0.0,0.07038961039,4.491998110402042,4,0.07,4.4671346522016595
2024-12-31,1.563,tencent_finance,1.448,0.115,0.00021428571428571427,historical,2024-12-03,2025-03-19,70,2025-03-19,2023-12-31,242,True,0,0.0,0.070603896104,4.517203845425464,4,0.07,4.478566858605247
2025-01-02,1.53,tencent_finance,1.415,0.115,0.00021428571428571427,historical,2024-12-03,2025-03-19,70,2025-03-19,2024-01-02,242,True,0,0.0,0.070623376623,4.615906968823529,4,0.07,4.575163398692811
2025-01-03,1.516,tencent_finance,1.401,0.115,0.00021428571428571427,historical,2024-12-03,2025-03-19,70,2025-03-19,2024-01-03,242,True,0,0.0,0.070642857143,4.659819072757256,4,0.07,4.617414248021109
2025-01-06,1.522,tencent_finance,1.407,0.115,0.00021428571428571427,historical,2024-12-03,2025-03-19,70,2025-03-19,2024-01-06,241,True,0,0.0,0.070467532468,4.629929859921156,4,0.07,4.599211563731933
2025-01-07,1.517,tencent_finance,1.402,0.115,0.00021428571428571427,historical,2024-12-03,2025-03-19,70,2025-03-19,2024-01-07,242,True,0,0.0,0.070681818182,4.659315634937377,4,0.07,4.614370468029005
2025-01-08,1.515,tencent_finance,1.4,0.115,0.00021428571428571427,historical,2024-12-03,2025-03-19,70,2025-03-19,2024-01-08,242,True,0,0.0,0.070701298701,4.666752389504951,4,0.07,4.62046204620462
2025-01-09,1.495,tencent_finance,1.38,0.115,0.00021428571428571427,historical,2024-12-03,2025-03-19,70,2025-03-19,2024-01-09,242,True,0,0.0,0.070720779221,4.730486904414715,4,0.07,4.682274247491639
2025-01-10,1.474,tencent_finance,1.359,0.115,0.00021428571428571427,historical,2024-12-03,2025-03-19,70,2025-03-19,2024-01-10,242,True,0,0.0,0.07074025974,4.799203510176391,4,0.07,4.7489823609226605
2025-01-13,1.459,tencent_finance,1.344,0.115,0.00021428571428571427,historical,2024-12-03,2025-03-19,70,2025-03-19,2024-01-13,241,True,0,0.0,0.070564935065,4.836527420493489,4,0.07,4.797806716929403
2025-01-14,1.486,tencent_finance,1.371,0.115,0.00021428571428571427,historical,2024-12-03,2025-03-19,70,2025-03-19,2024-01-14,242,True,0,0.0,0.070779220779,4.763070038963661,4,0.07,4.710632570659489
2025-01-15,1.489,tencent_finance,1.374,0.115,0.00021428571428571427,historical,2024-12-03,2025-03-19,70,2025-03-19,2024-01-15,242,True,0,0.0,0.070798701299,4.754781819946272,4,0.07,4.701141705842848
2025-01-16,1.5,tencent_finance,1.385,0.115,0.00021428571428571427,historical,2024-12-03,2025-03-19,70,2025-03-19,2024-01-16,242,True,0,0.0,0.070818181818,4.7212121212,4,0.07,4.666666666666667
2025-01-17,1.496,tencent_finance,1.381,0.115,0.00021428571428571427,historical,2024-12-03,2025-03-19,70,2025-03-19,2024-01-17,242,True,0,0.0,0.070837662338,4.735137856818182,4,0.07,4.6791443850267385
2025-01-20,1.493,tencent_finance,1.378,0.115,0.00021428571428571427,historical,2024-12-03,2025-03-19,70,2025-03-19,2024-01-20,241,True,0,0.0,0.070662337662,4.732909421433355,4,0.07,4.688546550569324
2025-01-21,1.485,tencent_finance,1.37,0.115,0.00021428571428571427,historical,2024-12-03,2025-03-19,70,2025-03-19,2024-01-21,242,True,0,0.0,0.070876623377,4.77283659104377,4,0.07,4.713804713804714
2025-01-22,1.469,tencent_finance,1.354,0.115,0.00021428571428571427,historical,2024-12-03,2025-03-19,70,2025-03-19,2024-01-22,242,True,0,0.0,0.070896103896,4.826147304016337,4,0.07,4.765146358066712
2025-01-23,1.486,tencent_finance,1.371,0.115,0.00021428571428571427,historical,2024-12-03,2025-03-19,70,2025-03-19,2024-01-23,242,True,0,0.0,0.070915584416,4.772246595962315,4,0.07,4.710632570659489
2025-01-24,1.498,tencent_finance,1.383,0.115,0.00021428571428571427,historical,2024-12-03,2025-03-19,70,2025-03-19,2024-01-24,242,True,0,0.0,0.070935064935,4.735318086448599,4,0.07,4.672897196261683
2025-01-27,1.516,tencent_finance,1.401,0.115,0.00021428571428571427,historical,2024-12-03,2025-03-19,70,2025-03-19,2024-01-27,241,True,0,0.0,0.07075974026,4.667529040897097,4,0.07,4.617414248021109
2025-02-05,1.488,tencent_finance,1.373,0.115,0.00021428571428571427,historical,2024-12-03,2025-03-19,70,2025-03-19,2024-02-05,236,True,0,0.0,0.069805194805,4.69120932829301,4,0.07,4.704301075268818
2025-02-06,1.488,tencent_finance,1.373,0.115,0.00021428571428571427,historical,2024-12-03,2025-03-19,70,2025-03-19,2024-02-06,236,True,0,0.0,0.069824675325,4.692518503024194,4,0.07,4.704301075268818
2025-02-07,1.5,tencent_finance,1.385,0.115,0.00021428571428571427,historical,2024-12-03,2025-03-19,70,2025-03-19,2024-02-07,236,True,0,0.0,0.069844155844,4.656277056266667,4,0.07,4.666666666666667
2025-02-10,1.496,tencent_finance,1.381,0.115,0.00021428571428571427,historical,2024-12-03,2025-03-19,70,2025-03-19,2024-02-10,236,True,0,0.0,0.069863636364,4.670029168716578,4,0.07,4.6791443850267385
2025-02-11,1.5,tencent_finance,1.385,0.115,0.00021428571428571427,historical,2024-12-03,2025-03-19,70,2025-03-19,2024-02-11,237,True,0,0.0,0.070077922078,4.6718614718666664,4,0.07,4.666666666666667
2025-02-12,1.5,tencent_finance,1.385,0.115,0.00021428571428571427,historical,2024-12-03,2025-03-19,70,2025-03-19,2024-02-12,238,True,0,0.0,0.070292207792,4.686147186133334,4,0.07,4.666666666666667
2025-02-13,1.504,tencent_finance,1.389,0.115,0.00021428571428571427,historical,2024-12-03,2025-03-19,70,2025-03-19,2024-02-13,239,True,0,0.0,0.070506493506,4.687931749069149,4,0.07,4.654255319148937
2025-02-14,1.506,tencent_finance,1.391,0.115,0.00021428571428571427,historical,2024-12-03,2025-03-19,70,2025-03-19,2024-02-14,240,True,0,0.0,0.070720779221,4.695934875232403,4,0.07,4.648074369189907
2025-02-17,1.499,tencent_finance,1.384,0.115,0.00021428571428571427,historical,2024-12-03,2025-03-19,70,2025-03-19,2024-02-17,241,True,0,0.0,0.070935064935,4.7321591017344895,4,0.07,4.66977985323549
2025-02-18,1.493,tencent_finance,1.378,0.115,0.00021428571428571427,historical,2024-12-03,2025-03-19,70,2025-03-19,2024-02-18,242,True,0,0.0,0.071149350649,4.765529179437374,4,0.07,4.688546550569324
2025-02-19,1.489,tencent_finance,1.374,0.115,0.00021428571428571427,historical,2024-12-03,2025-03-19,70,2025-03-19,2024-02-19,242,True,0,0.0,0.071168831169,4.77963943378106,4,0.07,4.701141705842848
2025-02-20,1.486,tencent_finance,1.371,0.115,0.00021428571428571427,historical,2024-12-03,2025-03-19,70,2025-03-19,2024-02-20,242,True,0,0.0,0.071188311688,4.790599709825033,4,0.07,4.710632570659489
2025-02-21,1.475,tencent_finance,1.36,0.115,0.00021428571428571427,historical,2024-12-03,2025-03-19,70,2025-03-19,2024-02-21,242,True,0,0.0,0.071207792208,4.827646929355931,4,0.07,4.745762711864407
2025-02-24,1.477,tencent_finance,1.362,0.115,0.00021428571428571427,historical,2024-12-03,2025-03-19,70,2025-03-19,2024-02-24,241,True,0,0.0,0.071032467532,4.809239507921462,4,0.07,4.739336492890995
2025-02-25,1.468,tencent_finance,1.353,0.115,0.00021428571428571427,historical,2024-12-03,2025-03-19,70,2025-03-19,2024-02-25,242,True,0,0.0,0.071246753247,4.853321065871935,4,0.07,4.768392370572207
2025-02-26,1.487,tencent_finance,1.372,0.115,0.00021428571428571427,historical,2024-12-03,2025-03-19,70,2025-03-19,2024-02-26,242,True,0,0.0,0.071266233766,4.792618276126428,4,0.07,4.707464694014795
2025-02-27,1.502,tencent_finance,1.387,0.115,0.00021428571428571427,historical,2024-12-03,2025-03-19,70,2025-03-19,2024-02-27,242,True,0,0.0,0.071285714286,4.7460528818908125,4,0.07,4.660452729693742
2025-02-28,1.491,tencent_finance,1.376,0.115,0.00021428571428571427,historical,2024-12-03,2025-03-19,70,2025-03-19,2024-02-28,242,True,0,0.0,0.071305194805,4.78237389704896,4,0.07,4.694835680751174
2025-03-03,1.488,tencent_finance,1.373,0.115,0.00021428571428571427,historical,2024-12-03,2025-03-19,70,2025-03-19,2024-03-03,241,True,0,0.0,0.07112987013,4.78023320766129,4,0.07,4.704301075268818
2025-03-04,1.488,tencent_finance,1.373,0.115,0.00021428571428571427,historical,2024-12-03,2025-03-19,70,2025-03-19,2024-03-04,241,True,0,0.0,0.071149350649,4.781542382325269,4,0.07,4.704301075268818
2025-03-05,1.495,tencent_finance,1.38,0.115,0.00021428571428571427,historical,2024-12-03,2025-03-19,70,2025-03-19,2024-03-05,241,True,0,0.0,0.071168831169,4.76045693438127,4,0.07,4.682274247491639
2025-03-06,1.497,tencent_finance,1.382,0.115,0.00021428571428571427,historical,2024-12-03,2025-03-19,70,2025-03-19,2024-03-06,241,True,0,0.0,0.071188311688,4.755398242351369,4,0.07,4.676018704074816
2025-03-07,1.497,tencent_finance,1.382,0.115,0.00021428571428571427,historical,2024-12-03,2025-03-19,70,2025-03-19,2024-03-07,241,True,0,0.0,0.071207792208,4.756699546292585,4,0.07,4.676018704074816
2025-03-10,1.502,tencent_finance,1.387,0.115,0.00021428571428571427,historical,2024-12-03,2025-03-19,70,2025-03-19,2024-03-10,241,True,0,0.0,0.071227272727,4.742161965845539,4,0.07,4.660452729693742
2025-03-11,1.508,tencent_finance,1.393,0.115,0.00021428571428571427,historical,2024-12-03,2025-03-19,70,2025-03-19,2024-03-11,241,True,0,0.0,0.071246753247,4.7245857590848805,4,0.07,4.641909814323608
2025-03-12,1.505,tencent_finance,1.39,0.115,0.00021428571428571427,historical,2024-12-03,2025-03-19,70,2025-03-19,2024-03-12,241,True,0,0.0,0.071266233766,4.735297924651163,4,0.07,4.651162790697675
2025-03-13,1.517,tencent_finance,1.402,0.115,0.00021428571428571427,historical,2024-12-03,2025-03-19,70,2025-03-19,2024-03-13,241,True,0,0.0,0.071285714286,4.699124211338168,4,0.07,4.614370468029005
2025-03-14,1.527,tencent_finance,1.412,0.115,0.00021428571428571427,historical,2024-12-03,2025-03-19,70,2025-03-19,2024-03-14,241,True,0,0.0,0.071305194805,4.669626378847413,4,0.07,4.584151931892601
2025-03-17,1.533,tencent_finance,1.418,0.115,0.00021428571428571427,historical,2024-12-03,2025-03-19,70,2025-03-19,2024-03-17,241,True,0,0.0,0.071324675325,4.652620699608611,4,0.07,4.566210045662101
2025-03-18,1.53,tencent_finance,1.415,0.115,0.00021428571428571427,historical,2024-12-03,2025-03-19,70,2025-03-19,2024-03-18,241,True,0,0.0,0.071344155844,4.663016721830066,4,0.07,4.575163398692811
2025-03-19,1.517,tencent_finance,1.417,0.1,0.00021428571428571427,historical,2024-12-03,2025-03-19,70,2025-03-19,2024-03-19,241,True,0,0.0,0.071363636364,4.704260801845749,5,0.085,5.603164139749507
2025-03-20,1.512,tencent_finance,1.412,0.1,0.0002542372881355932,historical,2025-03-20,2025-06-17,59,2025-06-17,2024-03-20,241,True,0,0.0,0.071423068457,4.723747913822751,5,0.085,5.621693121693122
2025-03-21,1.508,tencent_finance,1.408,0.1,0.0002542372881355932,historical,2025-03-20,2025-06-17,59,2025-06-17,2024-03-21,241,True,0,0.0,0.07148250055,4.740218869363395,5,0.085,5.63660477453581
2025-03-24,1.516,tencent_finance,1.416,0.1,0.0002542372881355932,historical,2025-03-20,2025-06-17,59,2025-06-17,2024-03-24,241,True,0,0.0,0.071541932644,4.719124844591029,5,0.085,5.606860158311346
2025-03-25,1.526,tencent_finance,1.426,0.1,0.0002542372881355932,historical,2025-03-20,2025-06-17,59,2025-06-17,2024-03-25,241,True,0,0.0,0.071601364737,4.692094674770642,5,0.085,5.5701179554390565
2025-03-26,1.525,tencent_finance,1.425,0.1,0.0002542372881355932,historical,2025-03-20,2025-06-17,59,2025-06-17,2024-03-26,241,True,0,0.0,0.07166079683,4.699068644590164,5,0.085,5.5737704918032795
2025-03-27,1.521,tencent_finance,1.421,0.1,0.0002542372881355932,historical,2025-03-20,2025-06-17,59,2025-06-17,2024-03-27,241,True,0,0.0,0.071720228924,4.715333920052597,5,0.085,5.588428665351743
2025-03-28,1.512,tencent_finance,1.412,0.1,0.0002542372881355932,historical,2025-03-20,2025-06-17,59,2025-06-17,2024-03-28,241,True,0,0.0,0.071779661017,4.7473320778439145,4,0.07,4.62962962962963
2025-03-31,1.504,tencent_finance,1.404,0.1,0.0002542372881355932,historical,2025-03-20,2025-06-17,59,2025-06-17,2024-03-31,241,True,0,0.0,0.071706029453,4.767688128523936,4,0.07,4.654255319148937
2025-04-01,1.517,tencent_finance,1.417,0.1,0.0002542372881355932,historical,2025-03-20,2025-06-17,59,2025-06-17,2024-04-01,241,True,0,0.0,0.071632397888,4.721977448121292,4,0.07,4.614370468029005
2025-04-02,1.521,tencent_finance,1.421,0.1,0.0002542372881355932,historical,2025-03-20,2025-06-17,59,2025-06-17,2024-04-02,241,True,0,0.0,0.071558766324,4.704718364497042,4,0.07,4.602235371466142
2025-04-03,1.525,tencent_finance,1.425,0.1,0.0002542372881355932,historical,2025-03-20,2025-06-17,59,2025-06-17,2024-04-03,241,True,0,0.0,0.07148513476,4.687549820327869,4,0.07,4.59016393442623
2025-04-07,1.427,tencent_finance,1.327,0.1,0.0002542372881355932,historical,2025-03-20,2025-06-17,59,2025-06-17,2024-04-07,242,True,0,0.0,0.071739372048,5.027286058023826,4,0.07,4.905395935529082
2025-04-08,1.46,tencent_finance,1.36,0.1,0.0002542372881355932,historical,2025-03-20,2025-06-17,59,2025-06-17,2024-04-08,242,True,0,0.0,0.071665740483,4.908612361849316,4,0.07,4.794520547945206
2025-04-09,1.462,tencent_finance,1.362,0.1,0.0002542372881355932,historical,2025-03-20,2025-06-17,59,2025-06-17,2024-04-09,242,True,0,0.0,0.071592108919,4.896861075170999,4,0.07,4.78796169630643
2025-04-10,1.477,tencent_finance,1.377,0.1,0.0002542372881355932,historical,2025-03-20,2025-06-17,59,2025-06-17,2024-04-10,242,True,0,0.0,0.071518477355,4.842144709207854,4,0.07,4.739336492890995
2025-04-11,1.473,tencent_finance,1.373,0.1,0.0002542372881355932,historical,2025-03-20,2025-06-17,59,2025-06-17,2024-04-11,242,True,0,0.0,0.07144484579,4.8502950298710115,4,0.07,4.752206381534283
2025-04-14,1.485,tencent_finance,1.385,0.1,0.0002542372881355932,historical,2025-03-20,2025-06-17,59,2025-06-17,2024-04-14,242,True,0,0.0,0.071371214226,4.8061423721212115,4,0.07,4.713804713804714
2025-04-15,1.491,tencent_finance,1.391,0.1,0.0002542372881355932,historical,2025-03-20,2025-06-17,59,2025-06-17,2024-04-15,242,True,0,0.0,0.071297582662,4.78186335761234,4,0.07,4.694835680751174
2025-04-16,1.494,tencent_finance,1.394,0.1,0.0002542372881355932,historical,2025-03-20,2025-06-17,59,2025-06-17,2024-04-16,242,True,0,0.0,0.071223951098,4.767332737483267,4,0.07,4.685408299866132
2025-04-17,1.493,tencent_finance,1.393,0.1,0.0002542372881355932,historical,2025-03-20,2025-06-17,59,2025-06-17,2024-04-17,242,True,0,0.0,0.071150319533,4.76559407454789,4,0.07,4.688546550569324
2025-04-18,1.495,tencent_finance,1.395,0.1,0.0002542372881355932,historical,2025-03-20,2025-06-17,59,2025-06-17,2024-04-18,242,True,0,0.0,0.071076687969,4.754293509632107,4,0.07,4.682274247491639
2025-04-21,1.493,tencent_finance,1.393,0.1,0.0002542372881355932,historical,2025-03-20,2025-06-17,59,2025-06-17,2024-04-21,242,True,0,0.0,0.071003056405,4.755730502679169,4,0.07,4.688546550569324
2025-04-22,1.5,tencent_finance,1.4,0.1,0.0002542372881355932,historical,2025-03-20,2025-06-17,59,2025-06-17,2024-04-22,242,True,0,0.0,0.07092942484,4.728628322666667,4,0.07,4.666666666666667
2025-04-23,1.494,tencent_finance,1.394,0.1,0.0002542372881355932,historical,2025-03-20,2025-06-17,59,2025-06-17,2024-04-23,242,True,0,0.0,0.070855793276,4.742690312985275,4,0.07,4.685408299866132
2025-04-24,1.5,tencent_finance,1.4,0.1,0.0002542372881355932,historical,2025-03-20,2025-06-17,59,2025-06-17,2024-04-24,242,True,0,0.0,0.070782161712,4.7188107808,4,0.07,4.666666666666667
2025-04-25,1.498,tencent_finance,1.398,0.1,0.0002542372881355932,historical,2025-03-20,2025-06-17,59,2025-06-17,2024-04-25,242,True,0,0.0,0.070708530147,4.720195603938585,4,0.07,4.672897196261683
2025-04-28,1.5,tencent_finance,1.4,0.1,0.0002542372881355932,historical,2025-03-20,2025-06-17,59,2025-06-17,2024-04-28,242,True,0,0.0,0.070634898583,4.708993238866666,4,0.07,4.666666666666667
2025-04-29,1.496,tencent_finance,1.396,0.1,0.0002542372881355932,historical,2025-03-20,2025-06-17,59,2025-06-17,2024-04-29,242,True,0,0.0,0.070561267019,4.716662233890375,4,0.07,4.6791443850267385
2025-04-30,1.486,tencent_finance,1.386,0.1,0.0002542372881355932,historical,2025-03-20,2025-06-17,59,2025-06-17,2024-04-30,242,True,0,0.0,0.070487635454,4.7434478771197846,4,0.07,4.710632570659489
2025-05-06,1.489,tencent_finance,1.389,0.1,0.0002542372881355932,historical,2025-03-20,2025-06-17,59,2025-06-17,2024-05-06,242,True,0,0.0,0.07041400389,4.728945862323706,4,0.07,4.701141705842848
2025-05-07,1.498,tencent_finance,1.398,0.1,0.0002542372881355932,historical,2025-03-20,2025-06-17,59,2025-06-17,2024-05-07,242,True,0,0.0,0.070340372326,4.695618980373832,4,0.07,4.672897196261683
2025-05-08,1.503,tencent_finance,1.403,0.1,0.0002542372881355932,historical,2025-03-20,2025-06-17,59,2025-06-17,2024-05-08,242,True,0,0.0,0.070266740761,4.6750991856952755,4,0.07,4.657351962741185
2025-05-09,1.509,tencent_finance,1.409,0.1,0.0002542372881355932,historical,2025-03-20,2025-06-17,59,2025-06-17,2024-05-09,242,True,0,0.0,0.070193109197,4.651630828164348,4,0.07,4.638833664678596
2025-05-12,1.515,tencent_finance,1.415,0.1,0.0002542372881355932,historical,2025-03-20,2025-06-17,59,2025-06-17,2024-05-12,242,True,0,0.0,0.070119477633,4.628348358613862,4,0.07,4.62046204620462
2025-05-13,1.525,tencent_finance,1.425,0.1,0.0002542372881355932,historical,2025-03-20,2025-06-17,59,2025-06-17,2024-05-13,242,True,0,0.0,0.070045846068,4.593170233967213,4,0.07,4.59016393442623
2025-05-14,1.534,tencent_finance,1.434,0.1,0.0002542372881355932,historical,2025-03-20,2025-06-17,59,2025-06-17,2024-05-14,242,True,0,0.0,0.069972214504,4.561422066753585,4,0.07,4.563233376792699
2025-05-15,1.529,tencent_finance,1.429,0.1,0.0002542372881355932,historical,2025-03-20,2025-06-17,59,2025-06-17,2024-05-15,242,True,0,0.0,0.06989858294,4.571522756049705,4,0.07,4.578155657292349
2025-05-16,1.523,tencent_finance,1.423,0.1,0.0002542372881355932,historical,2025-03-20,2025-06-17,59,2025-06-17,2024-05-16,242,True,0,0.0,0.069824951375,4.584698054826002,4,0.07,4.596191726854892
2025-05-19,1.525,tencent_finance,1.425,0.1,0.0002542372881355932,historical,2025-03-20,2025-06-17,59,2025-06-17,2024-05-19,242,True,0,0.0,0.069751319811,4.573857036786885,4,0.07,4.59016393442623
2025-05-20,1.531,tencent_finance,1.431,0.1,0.0002542372881355932,historical,2025-03-20,2025-06-17,59,2025-06-17,2024-05-20,242,True,0,0.0,0.069677688247,4.551122681058133,4,0.07,4.5721750489875905
2025-05-21,1.542,tencent_finance,1.442,0.1,0.0002542372881355932,historical,2025-03-20,2025-06-17,59,2025-06-17,2024-05-21,242,True,0,0.0,0.069604056682,4.513881756290531,4,0.07,4.539559014267186
2025-05-22,1.538,tencent_finance,1.438,0.1,0.0002542372881355932,historical,2025-03-20,2025-06-17,59,2025-06-17,2024-05-22,242,True,0,0.0,0.069530425118,4.520833882834851,4,0.07,4.551365409622887
2025-05-23,1.527,tencent_finance,1.427,0.1,0.0002542372881355932,historical,2025-03-20,2025-06-17,59,2025-06-17,2024-05-23,242,True,0,0.0,0.069456793554,4.548578490766209,4,0.07,4.584151931892601
2025-05-26,1.518,tencent_finance,1.418,0.1,0.0002542372881355932,historical,2025-03-20,2025-06-17,59,2025-06-17,2024-05-26,242,True,0,0.0,0.069383161989,4.5706957832015815,4,0.07,4.611330698287221
2025-05-27,1.514,tencent_finance,1.414,0.1,0.0002542372881355932,historical,2025-03-20,2025-06-17,59,2025-06-17,2024-05-27,242,True,0,0.0,0.069309530425,4.577908218295905,4,0.07,4.623513870541612
2025-05-28,1.517,tencent_finance,1.417,0.1,0.0002542372881355932,historical,2025-03-20,2025-06-17,59,2025-06-17,2024-05-28,242,True,0,0.0,0.069235898861,4.564001243309163,4,0.07,4.614370468029005
2025-05-29,1.521,tencent_finance,1.421,0.1,0.0002542372881355932,historical,2025-03-20,2025-06-17,59,2025-06-17,2024-05-29,242,True,0,0.0,0.069162267296,4.547157613149244,4,0.07,4.602235371466142
2025-05-30,1.525,tencent_finance,1.425,0.1,0.0002542372881355932,historical,2025-03-20,2025-06-17,59,2025-06-17,2024-05-30,242,True,0,0.0,0.069088635732,4.530402343081967,4,0.07,4.59016393442623
2025-06-03,1.527,tencent_finance,1.427,0.1,0.0002542372881355932,historical,2025-03-20,2025-06-17,59,2025-06-17,2024-06-03,241,True,0,0.0,0.068687135315,4.498175200720366,4,0.07,4.584151931892601
2025-06-04,1.532,tencent_finance,1.432,0.1,0.0002542372881355932,historical,2025-03-20,2025-06-17,59,2025-06-17,2024-06-04,241,True,0,0.0,0.068613503751,4.478688234399478,4,0.07,4.569190600522194
2025-06-05,1.526,tencent_finance,1.426,0.1,0.0002542372881355932,historical,2025-03-20,2025-06-17,59,2025-06-17,2024-06-05,241,True,0,0.0,0.068539872187,4.491472620380079,4,0.07,4.587155963302752
2025-06-06,1.527,tencent_finance,1.427,0.1,0.0002542372881355932,historical,2025-03-20,2025-06-17,59,2025-06-17,2024-06-06,241,True,0,0.0,0.068466240622,4.483709274525213,4,0.07,4.584151931892601
2025-06-09,1.529,tencent_finance,1.429,0.1,0.0002542372881355932,historical,2025-03-20,2025-06-17,59,2025-06-17,2024-06-09,241,True,0,0.0,0.068392609058,4.473028715369523,4,0.07,4.578155657292349
2025-06-10,1.529,tencent_finance,1.429,0.1,0.0002542372881355932,historical,2025-03-20,2025-06-17,59,2025-06-17,2024-06-10,242,True,0,0.0,0.068646846346,4.489656399345978,4,0.07,4.578155657292349
2025-06-11,1.537,tencent_finance,1.437,0.1,0.0002542372881355932,historical,2025-03-20,2025-06-17,59,2025-06-17,2024-06-11,242,True,0,0.0,0.068573214782,4.461497383344177,4,0.07,4.554326610279767
2025-06-12,1.537,tencent_finance,1.437,0.1,0.0002542372881355932,historical,2025-03-20,2025-06-17,59,2025-06-17,2024-06-12,242,True,0,0.0,0.068499583218,4.456706780611581,4,0.07,4.554326610279767
2025-06-13,1.529,tencent_finance,1.429,0.1,0.0002542372881355932,historical,2025-03-20,2025-06-17,59,2025-06-17,2024-06-13,242,True,0,0.0,0.068425951653,4.4752093952256375,4,0.07,4.578155657292349
2025-06-16,1.53,tencent_finance,1.43,0.1,0.0002542372881355932,historical,2025-03-20,2025-06-17,59,2025-06-17,2024-06-16,242,True,0,0.0,0.068352320089,4.467471901241829,4,0.07,4.575163398692811
2025-06-17,1.516,tencent_finance,1.431,0.085,0.0002542372881355932,historical,2025-03-20,2025-06-17,59,2025-06-17,2024-06-17,242,True,0,0.0,0.068278688525,4.503871274736148,5,0.085,5.606860158311346
2025-06-18,1.517,tencent_finance,1.432,0.085,0.00022727272727272727,historical,2025-06-18,2025-09-17,66,2025-09-17,2024-06-18,242,True,0,0.0,0.068178092399,4.494271087607119,5,0.085,5.603164139749507
2025-06-19,1.506,tencent_finance,1.421,0.085,0.00022727272727272727,historical,2025-06-18,2025-09-17,66,2025-09-17,2024-06-19,242,True,0,0.0,0.068077496274,4.5204180792828685,5,0.085,5.644090305444887
2025-06-20,1.512,tencent_finance,1.427,0.085,0.00022727272727272727,historical,2025-06-18,2025-09-17,66,2025-09-17,2024-06-20,242,True,0,0.0,0.067976900149,4.495826729431217,5,0.085,5.621693121693122
2025-06-23,1.518,tencent_finance,1.433,0.085,0.00022727272727272727,historical,2025-06-18,2025-09-17,66,2025-09-17,2024-06-23,242,True,0,0.0,0.067876304024,4.471429777602108,5,0.085,5.599472990777339
2025-06-24,1.522,tencent_finance,1.437,0.085,0.00022727272727272727,historical,2025-06-18,2025-09-17,66,2025-09-17,2024-06-24,242,True,0,0.0,0.067775707899,4.453068850131406,5,0.085,5.584756898817346
2025-06-25,1.529,tencent_finance,1.444,0.085,0.00022727272727272727,historical,2025-06-18,2025-09-17,66,2025-09-17,2024-06-25,242,True,0,0.0,0.067675111773,4.426102797449313,5,0.085,5.5591890124264225
2025-06-26,1.532,tencent_finance,1.447,0.085,0.00022727272727272727,historical,2025-06-18,2025-09-17,66,2025-09-17,2024-06-26,242,True,0,0.0,0.067574515648,4.410869167624021,5,0.085,5.5483028720626635
2025-06-27,1.526,tencent_finance,1.441,0.085,0.00022727272727272727,historical,2025-06-18,2025-09-17,66,2025-09-17,2024-06-27,242,True,0,0.0,0.067473919523,4.421619890104849,5,0.085,5.5701179554390565
2025-06-30,1.526,tencent_finance,1.441,0.085,0.00022727272727272727,historical,2025-06-18,2025-09-17,66,2025-09-17,2024-06-30,242,True,0,0.0,0.067373323398,4.415027745609437,5,0.085,5.5701179554390565
2025-07-01,1.537,tencent_finance,1.452,0.085,0.00022727272727272727,historical,2025-06-18,2025-09-17,66,2025-09-17,2024-07-01,242,True,0,0.0,0.067272727273,4.376885313793104,4,0.065,4.229017566688354
2025-07-02,1.548,tencent_finance,1.463,0.085,0.00022727272727272727,historical,2025-06-18,2025-09-17,66,2025-09-17,2024-07-02,242,True,0,0.0,0.067236842105,4.343465252260982,4,0.065,4.198966408268734
2025-07-03,1.55,tencent_finance,1.465,0.085,0.00022727272727272727,historical,2025-06-18,2025-09-17,66,2025-09-17,2024-07-03,242,True,0,0.0,0.067200956938,4.335545608903226,4,0.065,4.193548387096775
2025-07-04,1.556,tencent_finance,1.471,0.085,0.00022727272727272727,historical,2025-06-18,2025-09-17,66,2025-09-17,2024-07-04,242,True,0,0.0,0.06716507177,4.316521321979434,4,0.065,4.177377892030849
2025-07-07,1.564,tencent_finance,1.479,0.085,0.00022727272727272727,historical,2025-06-18,2025-09-17,66,2025-09-17,2024-07-07,242,True,0,0.0,0.067129186603,4.292147481010231,4,0.065,4.156010230179028
2025-07-08,1.567,tencent_finance,1.482,0.085,0.00022727272727272727,historical,2025-06-18,2025-09-17,66,2025-09-17,2024-07-08,242,True,0,0.0,0.067093301435,4.281640168155712,4,0.065,4.148053605615827
2025-07-09,1.572,tencent_finance,1.487,0.085,0.00022727272727272727,historical,2025-06-18,2025-09-17,66,2025-09-17,2024-07-09,242,True,0,0.0,0.067057416268,4.265738948346056,4,0.065,4.134860050890586
2025-07-10,1.582,tencent_finance,1.497,0.085,0.00022727272727272727,historical,2025-06-18,2025-09-17,66,2025-09-17,2024-07-10,242,True,0,0.0,0.0670215311,4.236506390644753,4,0.065,4.108723135271807
2025-07-11,1.575,tencent_finance,1.49,0.085,0.00022727272727272727,historical,2025-06-18,2025-09-17,66,2025-09-17,2024-07-11,242,True,0,0.0,0.066985645933,4.253056884634921,4,0.065,4.126984126984127
2025-07-14,1.587,tencent_finance,1.502,0.085,0.00022727272727272727,historical,2025-06-18,2025-09-17,66,2025-09-17,2024-07-14,242,True,0,0.0,0.066949760766,4.218636469187145,4,0.065,4.095778197857594
2025-07-15,1.566,tencent_finance,1.481,0.085,0.00022727272727272727,historical,2025-06-18,2025-09-17,66,2025-09-17,2024-07-15,242,True,0,0.0,0.066913875598,4.272916704853128,4,0.065,4.150702426564496
2025-07-16,1.562,tencent_finance,1.477,0.085,0.00022727272727272727,historical,2025-06-18,2025-09-17,66,2025-09-17,2024-07-16,242,True,0,0.0,0.066877990431,4.281561487259923,4,0.065,4.161331626120359
2025-07-17,1.561,tencent_finance,1.476,0.085,0.00022727272727272727,historical,2025-06-18,2025-09-17,66,2025-09-17,2024-07-17,242,True,0,0.0,0.066842105263,4.282005462075592,4,0.065,4.163997437540039
2025-07-18,1.566,tencent_finance,1.481,0.085,0.00022727272727272727,historical,2025-06-18,2025-09-17,66,2025-09-17,2024-07-18,242,True,0,0.0,0.066806220096,4.266042151724138,4,0.065,4.150702426564496
2025-07-21,1.586,tencent_finance,1.501,0.085,0.00022727272727272727,historical,2025-06-18,2025-09-17,66,2025-09-17,2024-07-21,242,True,0,0.0,0.066770334928,4.209983286759142,4,0.065,4.098360655737705
2025-07-22,1.612,tencent_finance,1.527,0.085,0.00022727272727272727,historical,2025-06-18,2025-09-17,66,2025-09-17,2024-07-22,242,True,0,0.0,0.066734449761,4.13985420353598,4,0.065,4.032258064516129
2025-07-23,1.606,tencent_finance,1.521,0.085,0.00022727272727272727,historical,2025-06-18,2025-09-17,66,2025-09-17,2024-07-23,242,True,0,0.0,0.066698564593,4.153086213760896,4,0.065,4.047322540473226
2025-07-24,1.613,tencent_finance,1.528,0.085,0.00022727272727272727,historical,2025-06-18,2025-09-17,66,2025-09-17,2024-07-24,242,True,0,0.0,0.066662679426,4.132838154122752,4,0.065,4.0297582145071305
2025-07-25,1.605,tencent_finance,1.52,0.085,0.00022727272727272727,historical,2025-06-18,2025-09-17,66,2025-09-17,2024-07-25,242,True,0,0.0,0.066626794258,4.151202134454829,4,0.065,4.049844236760125
2025-07-28,1.59,tencent_finance,1.505,0.085,0.00022727272727272727,historical,2025-06-18,2025-09-17,66,2025-09-17,2024-07-28,242,True,0,0.0,0.066590909091,4.18810749,4,0.065,4.088050314465408
2025-07-29,1.59,tencent_finance,1.505,0.085,0.00022727272727272727,historical,2025-06-18,2025-09-17,66,2025-09-17,2024-07-29,242,True,0,0.0,0.066555023923,4.185850561194968,4,0.065,4.088050314465408
2025-07-30,1.592,tencent_finance,1.507,0.085,0.00022727272727272727,historical,2025-06-18,2025-09-17,66,2025-09-17,2024-07-30,242,True,0,0.0,0.066519138756,4.178337861557789,4,0.065,4.082914572864321
2025-07-31,1.566,tencent_finance,1.481,0.085,0.00022727272727272727,historical,2025-06-18,2025-09-17,66,2025-09-17,2024-07-31,242,True,0,0.0,0.066483253589,4.245418492273307,4,0.065,4.150702426564496
2025-08-01,1.565,tencent_finance,1.48,0.085,0.00022727272727272727,historical,2025-06-18,2025-09-17,66,2025-09-17,2024-08-01,242,True,0,0.0,0.066447368421,4.245838237763579,4,0.065,4.15335463258786
2025-08-04,1.572,tencent_finance,1.487,0.085,0.00022727272727272727,historical,2025-06-18,2025-09-17,66,2025-09-17,2024-08-04,242,True,0,0.0,0.066411483254,4.224649061959287,4,0.065,4.134860050890586
2025-08-05,1.588,tencent_finance,1.503,0.085,0.00022727272727272727,historical,2025-06-18,2025-09-17,66,2025-09-17,2024-08-05,242,True,0,0.0,0.066375598086,4.179823557052897,4,0.065,4.093198992443325
2025-08-06,1.598,tencent_finance,1.513,0.085,0.00022727272727272727,historical,2025-06-18,2025-09-17,66,2025-09-17,2024-08-06,242,True,0,0.0,0.066339712919,4.15142133410513,4,0.065,4.06758448060075
2025-08-07,1.6,tencent_finance,1.515,0.085,0.00022727272727272727,historical,2025-06-18,2025-09-17,66,2025-09-17,2024-08-07,242,True,0,0.0,0.066303827751,4.143989234437499,4,0.065,4.0625
2025-08-08,1.602,tencent_finance,1.517,0.085,0.00022727272727272727,historical,2025-06-18,2025-09-17,66,2025-09-17,2024-08-08,242,True,0,0.0,0.066267942584,4.136575691885143,4,0.065,4.057428214731586
2025-08-11,1.597,tencent_finance,1.512,0.085,0.00022727272727272727,historical,2025-06-18,2025-09-17,66,2025-09-17,2024-08-11,242,True,0,0.0,0.066232057416,4.147279738008766,4,0.065,4.0701314965560424
2025-08-12,1.604,tencent_finance,1.519,0.085,0.00022727272727272727,historical,2025-06-18,2025-09-17,66,2025-09-17,2024-08-12,242,True,0,0.0,0.066196172249,4.126943407044887,4,0.065,4.052369077306733
2025-08-13,1.597,tencent_finance,1.512,0.085,0.00022727272727272727,historical,2025-06-18,2025-09-17,66,2025-09-17,2024-08-13,242,True,0,0.0,0.066160287081,4.14278566568566,4,0.065,4.0701314965560424
2025-08-14,1.581,tencent_finance,1.496,0.085,0.00022727272727272727,historical,2025-06-18,2025-09-17,66,2025-09-17,2024-08-14,242,True,0,0.0,0.066124401914,4.1824416137887415,4,0.065,4.111321948134092
2025-08-15,1.587,tencent_finance,1.502,0.085,0.00022727272727272727,historical,2025-06-18,2025-09-17,66,2025-09-17,2024-08-15,242,True,0,0.0,0.066088516746,4.164367784877126,4,0.065,4.095778197857594
2025-08-18,1.583,tencent_finance,1.498,0.085,0.00022727272727272727,historical,2025-06-18,2025-09-17,66,2025-09-17,2024-08-18,242,True,0,0.0,0.066052631579,4.17262359943146,4,0.065,4.10612760581175
2025-08-19,1.582,tencent_finance,1.497,0.085,0.00022727272727272727,historical,2025-06-18,2025-09-17,66,2025-09-17,2024-08-19,242,True,0,0.0,0.066016746411,4.172992819911505,4,0.065,4.108723135271807
2025-08-20,1.592,tencent_finance,1.507,0.085,0.00022727272727272727,historical,2025-06-18,2025-09-17,66,2025-09-17,2024-08-20,242,True,0,0.0,0.065980861244,4.144526460050251,4,0.065,4.082914572864321
2025-08-21,1.601,tencent_finance,1.516,0.085,0.00022727272727272727,historical,2025-06-18,2025-09-17,66,2025-09-17,2024-08-21,242,True,0,0.0,0.065944976077,4.118986638163649,4,0.065,4.059962523422861
2025-08-22,1.598,tencent_finance,1.513,0.085,0.00022727272727272727,historical,2025-06-18,2025-09-17,66,2025-09-17,2024-08-22,242,True,0,0.0,0.065909090909,4.1244737740300375,4,0.065,4.06758448060075
2025-08-25,1.609,tencent_finance,1.524,0.085,0.00022727272727272727,historical,2025-06-18,2025-09-17,66,2025-09-17,2024-08-25,242,True,0,0.0,0.065873205742,4.094046348166563,4,0.065,4.039776258545681
2025-08-26,1.608,tencent_finance,1.523,0.085,0.00022727272727272727,historical,2025-06-18,2025-09-17,66,2025-09-17,2024-08-26,242,True,0,0.0,0.065837320574,4.09436073221393,4,0.065,4.04228855721393
2025-08-27,1.581,tencent_finance,1.496,0.085,0.00022727272727272727,historical,2025-06-18,2025-09-17,66,2025-09-17,2024-08-27,242,True,0,0.0,0.065801435407,4.162013624731182,4,0.065,4.111321948134092
2025-08-28,1.58,tencent_finance,1.495,0.085,0.00022727272727272727,historical,2025-06-18,2025-09-17,66,2025-09-17,2024-08-28,242,True,0,0.0,0.065765550239,4.162376597405063,4,0.065,4.113924050632911
2025-08-29,1.582,tencent_finance,1.497,0.085,0.00022727272727272727,historical,2025-06-18,2025-09-17,66,2025-09-17,2024-08-29,242,True,0,0.0,0.065729665072,4.154846085461441,4,0.065,4.108723135271807
2025-09-01,1.578,tencent_finance,1.493,0.085,0.00022727272727272727,historical,2025-06-18,2025-09-17,66,2025-09-17,2024-09-01,242,True,0,0.0,0.065693779904,4.16310392294043,4,0.065,4.119138149556401
2025-09-02,1.582,tencent_finance,1.497,0.085,0.00022727272727272727,historical,2025-06-18,2025-09-17,66,2025-09-17,2024-09-02,242,True,0,0.0,0.065657894737,4.150309401833122,4,0.065,4.108723135271807
2025-09-03,1.568,tencent_finance,1.483,0.085,0.00022727272727272727,historical,2025-06-18,2025-09-17,66,2025-09-17,2024-09-03,242,True,0,0.0,0.065622009569,4.185077140880102,4,0.065,4.145408163265306
2025-09-04,1.567,tencent_finance,1.482,0.085,0.00022727272727272727,historical,2025-06-18,2025-09-17,66,2025-09-17,2024-09-04,242,True,0,0.0,0.065586124402,4.1854578431397575,4,0.065,4.148053605615827
2025-09-05,1.571,tencent_finance,1.486,0.085,0.00022727272727272727,historical,2025-06-18,2025-09-17,66,2025-09-17,2024-09-05,242,True,0,0.0,0.065550239234,4.172516819478039,4,0.065,4.137492043284532
2025-09-08,1.585,tencent_finance,1.5,0.085,0.00022727272727272727,historical,2025-06-18,2025-09-17,66,2025-09-17,2024-09-08,242,True,0,0.0,0.065514354067,4.133397732933754,4,0.065,4.100946372239748
2025-09-09,1.587,tencent_finance,1.502,0.085,0.00022727272727272727,historical,2025-06-18,2025-09-17,66,2025-09-17,2024-09-09,242,True,0,0.0,0.0654784689,4.125927466918715,4,0.065,4.095778197857594
2025-09-10,1.581,tencent_finance,1.496,0.085,0.00022727272727272727,historical,2025-06-18,2025-09-17,66,2025-09-17,2024-09-10,242,True,0,0.0,0.065442583732,4.139315859076534,4,0.065,4.111321948134092
2025-09-11,1.588,tencent_finance,1.503,0.085,0.00022727272727272727,historical,2025-06-18,2025-09-17,66,2025-09-17,2024-09-11,242,True,0,0.0,0.065406698565,4.118809733312342,4,0.065,4.093198992443325
2025-09-12,1.58,tencent_finance,1.495,0.085,0.00022727272727272727,historical,2025-06-18,2025-09-17,66,2025-09-17,2024-09-12,242,True,0,0.0,0.065370813397,4.137393252974683,4,0.065,4.113924050632911
2025-09-15,1.575,tencent_finance,1.49,0.085,0.00022727272727272727,historical,2025-06-18,2025-09-17,66,2025-09-17,2024-09-15,242,True,0,0.0,0.06533492823,4.148249411428572,4,0.065,4.126984126984127
2025-09-16,1.576,tencent_finance,1.491,0.085,0.00022727272727272727,historical,2025-06-18,2025-09-17,66,2025-09-17,2024-09-16,243,True,0,0.0,0.065562200957,4.16003813178934,4,0.065,4.124365482233502
2025-09-17,1.564,tencent_finance,1.494,0.07,0.00022727272727272727,historical,2025-06-18,2025-09-17,66,2025-09-17,2024-09-17,244,True,0,0.0,0.065789473684,4.206488087212276,5,0.08,5.115089514066496
2025-09-18,1.538,tencent_finance,1.468,0.07,0.0003333333333333333,historical,2025-09-18,2025-12-18,60,2025-12-18,2024-09-18,244,True,0,0.0,0.065859649123,4.282161841547465,5,0.08,5.201560468140442
2025-09-19,1.549,tencent_finance,1.479,0.07,0.0003333333333333333,historical,2025-09-18,2025-12-18,60,2025-12-18,2024-09-19,244,True,0,0.0,0.065929824561,4.256283057520982,5,0.08,5.1646223369916076
2025-09-22,1.54,tencent_finance,1.47,0.07,0.0003333333333333333,historical,2025-09-18,2025-12-18,60,2025-12-18,2024-09-22,244,True,0,0.0,0.066,4.285714285714286,4,0.065,4.220779220779221
2025-09-23,1.544,tencent_finance,1.474,0.07,0.0003333333333333333,historical,2025-09-18,2025-12-18,60,2025-12-18,2024-09-23,244,True,0,0.0,0.065898550725,4.268040850064767,4,0.065,4.209844559585492
2025-09-24,1.548,tencent_finance,1.478,0.07,0.0003333333333333333,historical,2025-09-18,2025-12-18,60,2025-12-18,2024-09-24,244,True,0,0.0,0.065797101449,4.250458749935401,4,0.065,4.198966408268734
2025-09-25,1.54,tencent_finance,1.47,0.07,0.0003333333333333333,historical,2025-09-18,2025-12-18,60,2025-12-18,2024-09-25,244,True,0,0.0,0.065695652174,4.26595143987013,4,0.065,4.220779220779221
2025-09-26,1.545,tencent_finance,1.475,0.07,0.0003333333333333333,historical,2025-09-18,2025-12-18,60,2025-12-18,2024-09-26,244,True,0,0.0,0.065594202899,4.245579475663431,4,0.065,4.207119741100325
2025-09-29,1.554,tencent_finance,1.484,0.07,0.0003333333333333333,historical,2025-09-18,2025-12-18,60,2025-12-18,2024-09-29,244,True,0,0.0,0.065492753623,4.214462910102959,4,0.065,4.1827541827541825
2025-09-30,1.55,tencent_finance,1.48,0.07,0.0003333333333333333,historical,2025-09-18,2025-12-18,60,2025-12-18,2024-09-30,244,True,0,0.0,0.065391304348,4.218793828903226,4,0.065,4.193548387096775
2025-10-09,1.559,tencent_finance,1.489,0.07,0.0003333333333333333,historical,2025-09-18,2025-12-18,60,2025-12-18,2024-10-09,243,True,0,0.0,0.064855072464,4.1600431343168705,4,0.065,4.169339320076973
2025-10-10,1.575,tencent_finance,1.505,0.07,0.0003333333333333333,historical,2025-09-18,2025-12-18,60,2025-12-18,2024-10-10,243,True,0,0.0,0.064753623188,4.111341154793651,4,0.065,4.126984126984127
2025-10-13,1.572,tencent_finance,1.502,0.07,0.0003333333333333333,historical,2025-09-18,2025-12-18,60,2025-12-18,2024-10-13,243,True,0,0.0,0.064652173913,4.112733709478372,4,0.065,4.134860050890586
2025-10-14,1.586,tencent_finance,1.516,0.07,0.0003333333333333333,historical,2025-09-18,2025-12-18,60,2025-12-18,2024-10-14,243,True,0,0.0,0.064550724638,4.070033079319042,4,0.065,4.098360655737705
2025-10-15,1.593,tencent_finance,1.523,0.07,0.0003333333333333333,historical,2025-09-18,2025-12-18,60,2025-12-18,2024-10-15,243,True,0,0.0,0.064449275362,4.045779997614564,4,0.065,4.080351537978657
2025-10-16,1.598,tencent_finance,1.528,0.07,0.0003333333333333333,historical,2025-09-18,2025-12-18,60,2025-12-18,2024-10-16,243,True,0,0.0,0.064347826087,4.026772596182728,4,0.065,4.06758448060075
2025-10-17,1.587,tencent_finance,1.517,0.07,0.0003333333333333333,historical,2025-09-18,2025-12-18,60,2025-12-18,2024-10-17,243,True,0,0.0,0.064246376812,4.048290914429742,4,0.065,4.095778197857594
2025-10-20,1.599,tencent_finance,1.529,0.07,0.0003333333333333333,historical,2025-09-18,2025-12-18,60,2025-12-18,2024-10-20,243,True,0,0.0,0.064144927536,4.011565199249531,4,0.065,4.0650406504065035
2025-10-21,1.6,tencent_finance,1.53,0.07,0.0003333333333333333,historical,2025-09-18,2025-12-18,60,2025-12-18,2024-10-21,243,True,0,0.0,0.064043478261,4.0027173913125,4,0.065,4.0625
2025-10-22,1.601,tencent_finance,1.531,0.07,0.0003333333333333333,historical,2025-09-18,2025-12-18,60,2025-12-18,2024-10-22,243,True,0,0.0,0.063942028986,3.993880636227358,4,0.065,4.059962523422861
2025-10-23,1.613,tencent_finance,1.543,0.07,0.0003333333333333333,historical,2025-09-18,2025-12-18,60,2025-12-18,2024-10-23,243,True,0,0.0,0.06384057971,3.957878469311841,4,0.065,4.0297582145071305
2025-10-24,1.607,tencent_finance,1.537,0.07,0.0003333333333333333,historical,2025-09-18,2025-12-18,60,2025-12-18,2024-10-24,243,True,0,0.0,0.063739130435,3.9663429019912884,4,0.065,4.044803982576229
2025-10-27,1.616,tencent_finance,1.546,0.07,0.0003333333333333333,historical,2025-09-18,2025-12-18,60,2025-12-18,2024-10-27,243,True,0,0.0,0.063637681159,3.937975319245049,4,0.065,4.022277227722772
2025-10-28,1.607,tencent_finance,1.537,0.07,0.0003333333333333333,historical,2025-09-18,2025-12-18,60,2025-12-18,2024-10-28,243,True,0,0.0,0.063536231884,3.953716980958307,4,0.065,4.044803982576229
2025-10-29,1.606,tencent_finance,1.536,0.07,0.0003333333333333333,historical,2025-09-18,2025-12-18,60,2025-12-18,2024-10-29,243,True,0,0.0,0.063434782609,3.9498619308219176,4,0.065,4.047322540473226
2025-10-30,1.599,tencent_finance,1.529,0.07,0.0003333333333333333,historical,2025-09-18,2025-12-18,60,2025-12-18,2024-10-30,243,True,0,0.0,0.063333333333,3.9608088388367726,4,0.065,4.0650406504065035
2025-10-31,1.599,tencent_finance,1.529,0.07,0.0003333333333333333,historical,2025-09-18,2025-12-18,60,2025-12-18,2024-10-31,243,True,0,0.0,0.063231884058,3.95446429380863,4,0.065,4.0650406504065035
2025-11-03,1.616,tencent_finance,1.546,0.07,0.0003333333333333333,historical,2025-09-18,2025-12-18,60,2025-12-18,2024-11-03,243,True,0,0.0,0.063130434783,3.9065863108292076,4,0.065,4.022277227722772
2025-11-04,1.62,tencent_finance,1.55,0.07,0.0003333333333333333,historical,2025-09-18,2025-12-18,60,2025-12-18,2024-11-04,243,True,0,0.0,0.063028985507,3.8906781177160488,4,0.065,4.012345679012346
2025-11-05,1.628,tencent_finance,1.558,0.07,0.0003333333333333333,historical,2025-09-18,2025-12-18,60,2025-12-18,2024-11-05,243,True,0,0.0,0.062927536232,3.865327778378378,4,0.065,3.992628992628993
2025-11-06,1.631,tencent_finance,1.561,0.07,0.0003333333333333333,historical,2025-09-18,2025-12-18,60,2025-12-18,2024-11-06,243,True,0,0.0,0.062826086957,3.8519979740649903,4,0.065,3.9852851011649295
2025-11-07,1.635,tencent_finance,1.565,0.07,0.0003333333333333333,historical,2025-09-18,2025-12-18,60,2025-12-18,2024-11-07,243,True,0,0.0,0.062724637681,3.836369277125383,4,0.065,3.9755351681957185
2025-11-10,1.646,tencent_finance,1.576,0.07,0.0003333333333333333,historical,2025-09-18,2025-12-18,60,2025-12-18,2024-11-10,243,True,0,0.0,0.062623188406,3.80456794690158,4,0.065,3.948967193195626
2025-11-11,1.643,tencent_finance,1.573,0.07,0.0003333333333333333,historical,2025-09-18,2025-12-18,60,2025-12-18,2024-11-11,243,True,0,0.0,0.06252173913,3.8053401783323193,4,0.065,3.956177723676202
2025-11-12,1.647,tencent_finance,1.577,0.07,0.0003333333333333333,historical,2025-09-18,2025-12-18,60,2025-12-18,2024-11-12,243,True,0,0.0,0.062420289855,3.789938667577413,4,0.065,3.9465695203400126
2025-11-13,1.648,tencent_finance,1.578,0.07,0.0003333333333333333,historical,2025-09-18,2025-12-18,60,2025-12-18,2024-11-13,243,True,0,0.0,0.06231884058,3.7814830449029126,4,0.065,3.9441747572815538
2025-11-14,1.64,tencent_finance,1.57,0.07,0.0003333333333333333,historical,2025-09-18,2025-12-18,60,2025-12-18,2024-11-14,243,True,0,0.0,0.062217391304,3.793743372195122,4,0.065,3.9634146341463414
2025-11-17,1.632,tencent_finance,1.562,0.07,0.0003333333333333333,historical,2025-09-18,2025-12-18,60,2025-12-18,2024-11-17,243,True,0,0.0,0.062115942029,3.8061238988357844,4,0.065,3.9828431372549025
2025-11-18,1.61,tencent_finance,1.54,0.07,0.0003333333333333333,historical,2025-09-18,2025-12-18,60,2025-12-18,2024-11-18,243,True,0,0.0,0.062014492754,3.8518318480745335,4,0.065,4.037267080745342
2025-11-19,1.612,tencent_finance,1.542,0.07,0.0003333333333333333,historical,2025-09-18,2025-12-18,60,2025-12-18,2024-11-19,243,True,0,0.0,0.061913043478,3.8407595209677416,4,0.065,4.032258064516129
2025-11-20,1.608,tencent_finance,1.538,0.07,0.0003333333333333333,historical,2025-09-18,2025-12-18,60,2025-12-18,2024-11-20,243,True,0,0.0,0.061811594203,3.8440046146144278,4,0.065,4.04228855721393
2025-11-21,1.583,tencent_finance,1.513,0.07,0.0003333333333333333,historical,2025-09-18,2025-12-18,60,2025-12-18,2024-11-21,243,True,0,0.0,0.061710144928,3.8983035330385345,4,0.065,4.10612760581175
2025-11-24,1.574,tencent_finance,1.504,0.07,0.0003333333333333333,historical,2025-09-18,2025-12-18,60,2025-12-18,2024-11-24,243,True,0,0.0,0.061608695652,3.914148389580686,4,0.065,4.129606099110546
2025-11-25,1.581,tencent_finance,1.511,0.07,0.0003333333333333333,historical,2025-09-18,2025-12-18,60,2025-12-18,2024-11-25,243,True,0,0.0,0.061507246377,3.890401415370019,4,0.065,4.111321948134092
2025-11-26,1.575,tencent_finance,1.505,0.07,0.0003333333333333333,historical,2025-09-18,2025-12-18,60,2025-12-18,2024-11-26,243,True,0,0.0,0.061405797101,3.8987807683174607,4,0.065,4.126984126984127
2025-11-27,1.577,tencent_finance,1.507,0.07,0.0003333333333333333,historical,2025-09-18,2025-12-18,60,2025-12-18,2024-11-27,243,True,0,0.0,0.061304347826,3.887403159543437,4,0.065,4.121750158528852
2025-11-28,1.579,tencent_finance,1.509,0.07,0.0003333333333333333,historical,2025-09-18,2025-12-18,60,2025-12-18,2024-11-28,243,True,0,0.0,0.061202898551,3.8760543730842305,4,0.065,4.116529449018366
2025-12-01,1.589,tencent_finance,1.519,0.07,0.0003333333333333333,historical,2025-09-18,2025-12-18,60,2025-12-18,2024-12-01,243,True,0,0.0,0.061101449275,3.845276858086847,4,0.065,4.090623033354311
2025-12-02,1.588,tencent_finance,1.518,0.07,0.0003333333333333333,historical,2025-09-18,2025-12-18,60,2025-12-18,2024-12-02,243,True,0,0.0,0.061,3.8413098236775816,3,0.045,2.8337531486146093
2025-12-03,1.586,tencent_finance,1.516,0.07,0.0003333333333333333,historical,2025-09-18,2025-12-18,60,2025-12-18,2024-12-03,243,True,0,0.0,0.061119047619,3.8536600011979822,3,0.045,2.837326607818411
2025-12-04,1.581,tencent_finance,1.511,0.07,0.0003333333333333333,historical,2025-09-18,2025-12-18,60,2025-12-18,2024-12-04,243,True,0,0.0,0.061238095238,3.8733773079063885,3,0.045,2.846299810246679
2025-12-05,1.581,tencent_finance,1.511,0.07,0.0003333333333333333,historical,2025-09-18,2025-12-18,60,2025-12-18,2024-12-05,243,True,0,0.0,0.061357142857,3.880907201581278,3,0.045,2.846299810246679
2025-12-08,1.574,tencent_finance,1.504,0.07,0.0003333333333333333,historical,2025-09-18,2025-12-18,60,2025-12-18,2024-12-08,243,True,0,0.0,0.061476190476,3.9057300175349425,3,0.045,2.8589580686149936
2025-12-09,1.56,tencent_finance,1.49,0.07,0.0003333333333333333,historical,2025-09-18,2025-12-18,60,2025-12-18,2024-12-09,243,True,0,0.0,0.061595238095,3.9484126983974352,3,0.045,2.8846153846153846
2025-12-10,1.561,tencent_finance,1.491,0.07,0.0003333333333333333,historical,2025-09-18,2025-12-18,60,2025-12-18,2024-12-10,243,True,0,0.0,0.061714285714,3.953509654964766,3,0.045,2.8827674567584882
2025-12-11,1.546,tencent_finance,1.476,0.07,0.0003333333333333333,historical,2025-09-18,2025-12-18,60,2025-12-18,2024-12-11,243,True,0,0.0,0.061833333333,3.999568779624838,3,0.045,2.910737386804657
2025-12-12,1.547,tencent_finance,1.477,0.07,0.0003333333333333333,historical,2025-09-18,2025-12-18,60,2025-12-18,2024-12-12,243,True,0,0.0,0.061952380952,4.004678794570136,3,0.045,2.9088558500323205
2025-12-15,1.557,tencent_finance,1.487,0.07,0.0003333333333333333,historical,2025-09-18,2025-12-18,60,2025-12-18,2024-12-15,243,True,0,0.0,0.062071428571,3.986604275594092,3,0.045,2.8901734104046244
2025-12-16,1.544,tencent_finance,1.474,0.07,0.0003333333333333333,historical,2025-09-18,2025-12-18,60,2025-12-18,2024-12-16,243,True,0,0.0,0.06219047619,4.027880582253887,3,0.045,2.9145077720207255
2025-12-17,1.548,tencent_finance,1.478,0.07,0.0003333333333333333,historical,2025-09-18,2025-12-18,60,2025-12-18,2024-12-17,243,True,0,0.0,0.06230952381,4.025163036821706,3,0.045,2.9069767441860463
2025-12-18,1.54,tencent_finance,1.49,0.05,0.0003333333333333333,historical,2025-09-18,2025-12-18,60,2025-12-18,2024-12-18,243,True,0,0.0,0.062428571429,4.053803339545454,4,0.065,4.220779220779221
2025-12-19,1.542,tencent_finance,1.492,0.05,0.00026785714285714287,historical,2025-12-19,2026-03-18,56,2026-03-18,2024-12-19,243,True,0,0.0,0.062482142857,4.0520196405317765,4,0.065,4.215304798962387
2025-12-22,1.535,tencent_finance,1.485,0.05,0.00026785714285714287,historical,2025-12-19,2026-03-18,56,2026-03-18,2024-12-22,243,True,0,0.0,0.062535714286,4.073987901368078,4,0.065,4.234527687296417
2025-12-23,1.534,tencent_finance,1.484,0.05,0.00026785714285714287,historical,2025-12-19,2026-03-18,56,2026-03-18,2024-12-23,243,True,0,0.0,0.062589285714,4.080135965710561,4,0.065,4.23728813559322
2025-12-24,1.539,tencent_finance,1.489,0.05,0.00026785714285714287,historical,2025-12-19,2026-03-18,56,2026-03-18,2024-12-24,243,True,0,0.0,0.062642857143,4.07036108791423,4,0.065,4.223521767381417
2025-12-25,1.544,tencent_finance,1.494,0.05,0.00026785714285714287,historical,2025-12-19,2026-03-18,56,2026-03-18,2024-12-25,243,True,0,0.0,0.062696428571,4.06064951884715,4,0.065,4.209844559585492
2025-12-26,1.55,tencent_finance,1.5,0.05,0.00026785714285714287,historical,2025-12-19,2026-03-18,56,2026-03-18,2024-12-26,243,True,0,0.0,0.06275,4.048387096774193,4,0.065,4.193548387096775
2025-12-29,1.547,tencent_finance,1.497,0.05,0.00026785714285714287,historical,2025-12-19,2026-03-18,56,2026-03-18,2024-12-29,243,True,0,0.0,0.062803571429,4.0597008034259865,4,0.065,4.201680672268908
2025-12-30,1.547,tencent_finance,1.497,0.05,0.00026785714285714287,historical,2025-12-19,2026-03-18,56,2026-03-18,2024-12-30,243,True,0,0.0,0.062857142857,4.063163727020039,4,0.065,4.201680672268908
2025-12-31,1.55,tencent_finance,1.5,0.05,0.00026785714285714287,historical,2025-12-19,2026-03-18,56,2026-03-18,2024-12-31,243,True,0,0.0,0.062910714286,4.058755760387096,4,0.065,4.193548387096775
2026-01-05,1.552,tencent_finance,1.502,0.05,0.00026785714285714287,historical,2025-12-19,2026-03-18,56,2026-03-18,2025-01-05,242,True,0,0.0,0.06275,4.043170103092784,4,0.065,4.1881443298969065
2026-01-06,1.569,tencent_finance,1.519,0.05,0.00026785714285714287,historical,2025-12-19,2026-03-18,56,2026-03-18,2025-01-06,242,True,0,0.0,0.062803571429,4.002777019056724,4,0.065,4.1427660930529
2026-01-07,1.573,tencent_finance,1.523,0.05,0.00026785714285714287,historical,2025-12-19,2026-03-18,56,2026-03-18,2025-01-07,242,True,0,0.0,0.062857142857,3.9960039959949145,4,0.065,4.132231404958678
2026-01-08,1.568,tencent_finance,1.518,0.05,0.00026785714285714287,historical,2025-12-19,2026-03-18,56,2026-03-18,2025-01-08,242,True,0,0.0,0.062910714286,4.012162900892856,4,0.065,4.145408163265306
2026-01-09,1.572,tencent_finance,1.522,0.05,0.00026785714285714287,historical,2025-12-19,2026-03-18,56,2026-03-18,2025-01-09,242,True,0,0.0,0.062964285714,4.005361686641221,4,0.065,4.134860050890586
2026-01-12,1.576,tencent_finance,1.526,0.05,0.00026785714285714287,historical,2025-12-19,2026-03-18,56,2026-03-18,2025-01-12,242,True,0,0.0,0.063017857143,3.9985949963832486,4,0.065,4.124365482233502
2026-01-13,1.572,tencent_finance,1.522,0.05,0.00026785714285714287,historical,2025-12-19,2026-03-18,56,2026-03-18,2025-01-13,242,True,0,0.0,0.063071428571,4.012177390012722,4,0.065,4.134860050890586
2026-01-14,1.563,tencent_finance,1.513,0.05,0.00026785714285714287,historical,2025-12-19,2026-03-18,56,2026-03-18,2025-01-14,242,True,0,0.0,0.063125,4.03870761356366,4,0.065,4.158669225847729
2026-01-15,1.558,tencent_finance,1.508,0.05,0.00026785714285714287,historical,2025-12-19,2026-03-18,56,2026-03-18,2025-01-15,242,True,0,0.0,0.063178571429,4.05510728042362,4,0.065,4.17201540436457
2026-01-16,1.547,tencent_finance,1.497,0.05,0.00026785714285714287,historical,2025-12-19,2026-03-18,56,2026-03-18,2025-01-16,242,True,0,0.0,0.063232142857,4.087404192436975,4,0.065,4.201680672268908
2026-01-19,1.557,tencent_finance,1.507,0.05,0.00026785714285714287,historical,2025-12-19,2026-03-18,56,2026-03-18,2025-01-19,242,True,0,0.0,0.063285714286,4.064593081952472,4,0.065,4.174694926140013
2026-01-20,1.579,tencent_finance,1.529,0.05,0.00026785714285714287,historical,2025-12-19,2026-03-18,56,2026-03-18,2025-01-20,242,True,0,0.0,0.063339285714,4.01135438340722,4,0.065,4.116529449018366
2026-01-21,1.569,tencent_finance,1.519,0.05,0.00026785714285714287,historical,2025-12-19,2026-03-18,56,2026-03-18,2025-01-21,242,True,0,0.0,0.063392857143,4.040335063288719,4,0.065,4.1427660930529
2026-01-22,1.58,tencent_finance,1.53,0.05,0.00026785714285714287,historical,2025-12-19,2026-03-18,56,2026-03-18,2025-01-22,242,True,0,0.0,0.063446428571,4.015596745,4,0.065,4.113924050632911
2026-01-23,1.58,tencent_finance,1.53,0.05,0.00026785714285714287,historical,2025-12-19,2026-03-18,56,2026-03-18,2025-01-23,242,True,0,0.0,0.0635,4.018987341772152,4,0.065,4.113924050632911
2026-01-26,1.591,tencent_finance,1.541,0.05,0.00026785714285714287,historical,2025-12-19,2026-03-18,56,2026-03-18,2025-01-26,242,True,0,0.0,0.063553571429,3.994567657385293,4,0.065,4.085480829666876
2026-01-27,1.58,tencent_finance,1.53,0.05,0.00026785714285714287,historical,2025-12-19,2026-03-18,56,2026-03-18,2025-01-27,242,True,0,0.0,0.063607142857,4.025768535253165,4,0.065,4.113924050632911
2026-01-28,1.6,tencent_finance,1.55,0.05,0.00026785714285714287,historical,2025-12-19,2026-03-18,56,2026-03-18,2025-01-28,243,True,0,0.0,0.063875,3.9921874999999996,4,0.065,4.0625
2026-01-29,1.62,tencent_finance,1.57,0.05,0.00026785714285714287,historical,2025-12-19,2026-03-18,56,2026-03-18,2025-01-29,244,True,0,0.0,0.064142857143,3.959435626111111,4,0.065,4.012345679012346
2026-01-30,1.605,tencent_finance,1.555,0.05,0.00026785714285714287,historical,2025-12-19,2026-03-18,56,2026-03-18,2025-01-30,245,True,0,0.0,0.064410714286,4.013128615950155,4,0.065,4.049844236760125
2026-02-02,1.556,tencent_finance,1.506,0.05,0.00026785714285714287,historical,2025-12-19,2026-03-18,56,2026-03-18,2025-02-02,246,True,0,0.0,0.064678571429,4.156720528856042,4,0.065,4.177377892030849
2026-02-03,1.566,tencent_finance,1.516,0.05,0.00026785714285714287,historical,2025-12-19,2026-03-18,56,2026-03-18,2025-02-03,247,True,0,0.0,0.064946428571,4.147281517943806,4,0.065,4.150702426564496
2026-02-04,1.609,tencent_finance,1.559,0.05,0.00026785714285714287,historical,2025-12-19,2026-03-18,56,2026-03-18,2025-02-04,248,True,0,0.0,0.065214285714,4.053094202237414,4,0.065,4.039776258545681
2026-02-05,1.604,tencent_finance,1.554,0.05,0.00026785714285714287,historical,2025-12-19,2026-03-18,56,2026-03-18,2025-02-05,248,True,0,0.0,0.065267857143,4.069068400436409,4,0.065,4.052369077306733
2026-02-06,1.598,tencent_finance,1.548,0.05,0.00026785714285714287,historical,2025-12-19,2026-03-18,56,2026-03-18,2025-02-06,248,True,0,0.0,0.065321428571,4.087698909324155,4,0.065,4.06758448060075
2026-02-09,1.607,tencent_finance,1.557,0.05,0.00026785714285714287,historical,2025-12-19,2026-03-18,56,2026-03-18,2025-02-09,248,True,0,0.0,0.065375,4.068139390168015,4,0.065,4.044803982576229
2026-02-10,1.614,tencent_finance,1.564,0.05,0.00026785714285714287,historical,2025-12-19,2026-03-18,56,2026-03-18,2025-02-10,248,True,0,0.0,0.065428571429,4.053814834510532,4,0.065,4.027261462205701
2026-02-11,1.625,tencent_finance,1.575,0.05,0.00026785714285714287,historical,2025-12-19,2026-03-18,56,2026-03-18,2025-02-11,248,True,0,0.0,0.065482142857,4.029670329661538,4,0.065,4.0
2026-02-12,1.621,tencent_finance,1.571,0.05,0.00026785714285714287,historical,2025-12-19,2026-03-18,56,2026-03-18,2025-02-12,248,True,0,0.0,0.065535714286,4.042918833189389,4,0.065,4.009870450339297
2026-02-13,1.599,tencent_finance,1.549,0.05,0.00026785714285714287,historical,2025-12-19,2026-03-18,56,2026-03-18,2025-02-13,248,True,0,0.0,0.065589285714,4.101894040900563,4,0.065,4.0650406504065035
2026-02-24,1.62,tencent_finance,1.57,0.05,0.00026785714285714287,historical,2025-12-19,2026-03-18,56,2026-03-18,2025-02-24,242,True,0,0.0,0.064357142857,3.972663139320988,4,0.065,4.012345679012346
2026-02-25,1.629,tencent_finance,1.579,0.05,0.00026785714285714287,historical,2025-12-19,2026-03-18,56,2026-03-18,2025-02-25,242,True,0,0.0,0.064410714286,3.95400333247391,4,0.065,3.9901780233271946
2026-02-26,1.627,tencent_finance,1.577,0.05,0.00026785714285714287,historical,2025-12-19,2026-03-18,56,2026-03-18,2025-02-26,242,True,0,0.0,0.064464285714,3.962156466748617,4,0.065,3.995082974800246
2026-02-27,1.641,tencent_finance,1.591,0.05,0.00026785714285714287,historical,2025-12-19,2026-03-18,56,2026-03-18,2025-02-27,242,True,0,0.0,0.064517857143,3.9316183511883,4,0.065,3.960999390615479
2026-03-02,1.663,tencent_finance,1.613,0.05,0.00026785714285714287,historical,2025-12-19,2026-03-18,56,2026-03-18,2025-03-02,242,True,0,0.0,0.064571428571,3.882827935718581,4,0.065,3.9085989176187614
2026-03-03,1.676,tencent_finance,1.626,0.05,0.00026785714285714287,historical,2025-12-19,2026-03-18,56,2026-03-18,2025-03-03,242,True,0,0.0,0.064625,3.8559069212410506,4,0.065,3.8782816229116945
2026-03-04,1.651,tencent_finance,1.601,0.05,0.00026785714285714287,historical,2025-12-19,2026-03-18,56,2026-03-18,2025-03-04,242,True,0,0.0,0.064678571429,3.917539153785585,4,0.065,3.937007874015748
2026-03-05,1.649,tencent_finance,1.599,0.05,0.00026785714285714287,historical,2025-12-19,2026-03-18,56,2026-03-18,2025-03-05,242,True,0,0.0,0.064732142857,3.925539287871437,4,0.065,3.9417828987265007
2026-03-06,1.652,tencent_finance,1.602,0.05,0.00026785714285714287,historical,2025-12-19,2026-03-18,56,2026-03-18,2025-03-06,242,True,0,0.0,0.064785714286,3.921653407142857,4,0.065,3.9346246973365617
2026-03-09,1.653,tencent_finance,1.603,0.05,0.00026785714285714287,historical,2025-12-19,2026-03-18,56,2026-03-18,2025-03-09,242,True,0,0.0,0.064839285714,3.9225218217785836,4,0.065,3.9322444041137325
2026-03-10,1.641,tencent_finance,1.591,0.05,0.00026785714285714287,historical,2025-12-19,2026-03-18,56,2026-03-18,2025-03-10,242,True,0,0.0,0.064892857143,3.954470270749543,4,0.065,3.960999390615479
2026-03-11,1.664,tencent_finance,1.614,0.05,0.00026785714285714287,historical,2025-12-19,2026-03-18,56,2026-03-18,2025-03-11,242,True,0,0.0,0.064946428571,3.9030305631610576,4,0.065,3.90625
2026-03-12,1.687,tencent_finance,1.637,0.05,0.00026785714285714287,historical,2025-12-19,2026-03-18,56,2026-03-18,2025-03-12,242,True,0,0.0,0.065,3.8529934795494962,4,0.065,3.8529934795494962
2026-03-13,1.676,tencent_finance,1.626,0.05,0.00026785714285714287,historical,2025-12-19,2026-03-18,56,2026-03-18,2025-03-13,242,True,0,0.0,0.065053571429,3.8814780088902157,4,0.065,3.8782816229116945
2026-03-16,1.666,tencent_finance,1.616,0.05,0.00026785714285714287,historical,2025-12-19,2026-03-18,56,2026-03-18,2025-03-16,242,True,0,0.0,0.065107142857,3.9079917681272516,4,0.065,3.9015606242497003
2026-03-17,1.655,tencent_finance,1.605,0.05,0.00026785714285714287,historical,2025-12-19,2026-03-18,56,2026-03-18,2025-03-17,242,True,0,0.0,0.065160714286,3.9372032801208454,4,0.065,3.927492447129909
2026-03-18,1.629,tencent_finance,1.594,0.035,0.00026785714285714287,historical,2025-12-19,2026-03-18,56,2026-03-18,2025-03-18,242,True,0,0.0,0.065214285714,4.003332456353591,5,0.08,4.910988336402701
2026-03-19,1.619,tencent_finance,1.584,0.035,0.0003225806451612903,historical,2026-03-19,2026-06-18,62,2026-06-18,2025-03-19,242,True,0,0.0,0.065322580645,4.0347486500926495,4,0.065,4.014823965410748
2026-03-20,1.612,tencent_finance,1.577,0.035,0.0003225806451612903,historical,2026-03-19,2026-06-18,62,2026-06-18,2025-03-20,242,True,0,0.0,0.065390924002,4.05650893312655,4,0.065,4.032258064516129
2026-03-23,1.574,tencent_finance,1.539,0.035,0.0003225806451612903,historical,2026-03-19,2026-06-18,62,2026-06-18,2025-03-23,242,True,0,0.0,0.065459267359,4.158784457369758,4,0.065,4.129606099110546
2026-03-24,1.595,tencent_finance,1.56,0.035,0.0003225806451612903,historical,2026-03-19,2026-06-18,62,2026-06-18,2025-03-24,242,True,0,0.0,0.065527610716,4.108314151473354,4,0.065,4.075235109717869
2026-03-25,1.599,tencent_finance,1.564,0.035,0.0003225806451612903,historical,2026-03-19,2026-06-18,62,2026-06-18,2025-03-25,242,True,0,0.0,0.065595954073,4.10231107398374,4,0.065,4.0650406504065035
2026-03-26,1.6,tencent_finance,1.565,0.035,0.0003225806451612903,historical,2026-03-19,2026-06-18,62,2026-06-18,2025-03-26,242,True,0,0.0,0.06566429743,4.104018589374999,4,0.065,4.0625
2026-03-27,1.603,tencent_finance,1.568,0.035,0.0003225806451612903,historical,2026-03-19,2026-06-18,62,2026-06-18,2025-03-27,242,True,0,0.0,0.065732640787,4.100601421522146,4,0.065,4.054897067997505
2026-03-30,1.62,tencent_finance,1.585,0.035,0.0003225806451612903,historical,2026-03-19,2026-06-18,62,2026-06-18,2025-03-30,242,True,0,0.0,0.065800984144,4.061789144691358,4,0.065,4.012345679012346
2026-03-31,1.602,tencent_finance,1.567,0.035,0.0003225806451612903,historical,2026-03-19,2026-06-18,62,2026-06-18,2025-03-31,242,True,0,0.0,0.065869327501,4.111693352122347,4,0.065,4.057428214731586
2026-04-01,1.602,tencent_finance,1.567,0.035,0.0003225806451612903,historical,2026-03-19,2026-06-18,62,2026-06-18,2025-04-01,242,True,0,0.0,0.065937670858,4.115959479275904,4,0.065,4.057428214731586
2026-04-02,1.604,tencent_finance,1.569,0.035,0.0003225806451612903,historical,2026-03-19,2026-06-18,62,2026-06-18,2025-04-02,242,True,0,0.0,0.066006014215,4.115088168017456,4,0.065,4.052369077306733
2026-04-03,1.58,tencent_finance,1.545,0.035,0.0003225806451612903,historical,2026-03-19,2026-06-18,62,2026-06-18,2025-04-03,242,True,0,0.0,0.066074357572,4.181921365316456,4,0.065,4.113924050632911
2026-04-07,1.586,tencent_finance,1.551,0.035,0.0003225806451612903,historical,2026-03-19,2026-06-18,62,2026-06-18,2025-04-07,242,True,0,0.0,0.066142700929,4.170409894640605,4,0.065,4.098360655737705
2026-04-08,1.597,tencent_finance,1.562,0.035,0.0003225806451612903,historical,2026-03-19,2026-06-18,62,2026-06-18,2025-04-08,242,True,0,0.0,0.066211044286,4.145963950281778,4,0.065,4.0701314965560424
2026-04-09,1.587,tencent_finance,1.552,0.035,0.0003225806451612903,historical,2026-03-19,2026-06-18,62,2026-06-18,2025-04-09,242,True,0,0.0,0.066279387644,4.176394936609956,4,0.065,4.095778197857594
2026-04-10,1.589,tencent_finance,1.554,0.035,0.0003225806451612903,historical,2026-03-19,2026-06-18,62,2026-06-18,2025-04-10,242,True,0,0.0,0.066347731001,4.175439332976715,4,0.065,4.090623033354311
2026-04-13,1.587,tencent_finance,1.552,0.035,0.0003225806451612903,historical,2026-03-19,2026-06-18,62,2026-06-18,2025-04-13,242,True,0,0.0,0.066416074358,4.185007836042848,4,0.065,4.095778197857594
2026-04-14,1.591,tencent_finance,1.556,0.035,0.0003225806451612903,historical,2026-03-19,2026-06-18,62,2026-06-18,2025-04-14,242,True,0,0.0,0.066484417715,4.178781754556883,4,0.065,4.085480829666876
2026-04-15,1.598,tencent_finance,1.563,0.035,0.0003225806451612903,historical,2026-03-19,2026-06-18,62,2026-06-18,2025-04-15,242,True,0,0.0,0.066552761072,4.164753508886108,4,0.065,4.06758448060075
2026-04-16,1.602,tencent_finance,1.567,0.035,0.0003225806451612903,historical,2026-03-19,2026-06-18,62,2026-06-18,2025-04-16,242,True,0,0.0,0.066621104429,4.158620750873908,4,0.065,4.057428214731586
2026-04-17,1.591,tencent_finance,1.556,0.035,0.0003225806451612903,historical,2026-03-19,2026-06-18,62,2026-06-18,2025-04-17,242,True,0,0.0,0.066689447786,4.191668622627279,4,0.065,4.085480829666876
2026-04-20,1.592,tencent_finance,1.557,0.035,0.0003225806451612903,historical,2026-03-19,2026-06-18,62,2026-06-18,2025-04-20,242,True,0,0.0,0.066757791143,4.193328589384421,4,0.065,4.082914572864321
2026-04-21,1.608,tencent_finance,1.573,0.035,0.0003225806451612903,historical,2026-03-19,2026-06-18,62,2026-06-18,2025-04-21,242,True,0,0.0,0.0668261345,4.155854135572139,4,0.065,4.04228855721393
2026-04-22,1.606,tencent_finance,1.571,0.035,0.0003225806451612903,historical,2026-03-19,2026-06-18,62,2026-06-18,2025-04-22,242,True,0,0.0,0.066894477857,4.1652850471357405,4,0.065,4.047322540473226
2026-04-23,1.615,tencent_finance,1.58,0.035,0.0003225806451612903,historical,2026-03-19,2026-06-18,62,2026-06-18,2025-04-23,242,True,0,0.0,0.066962821214,4.146304719133127,4,0.065,4.024767801857585
2026-04-24,1.615,tencent_finance,1.58,0.035,0.0003225806451612903,historical,2026-03-19,2026-06-18,62,2026-06-18,2025-04-24,242,True,0,0.0,0.067031164571,4.150536505944272,4,0.065,4.024767801857585
2026-04-27,1.611,tencent_finance,1.576,0.035,0.0003225806451612903,historical,2026-03-19,2026-06-18,62,2026-06-18,2025-04-27,242,True,0,0.0,0.067099507928,4.165084290999379,4,0.065,4.034761018001241
2026-04-28,1.625,tencent_finance,1.59,0.035,0.0003225806451612903,historical,2026-03-19,2026-06-18,62,2026-06-18,2025-04-28,242,True,0,0.0,0.067167851285,4.133406232923076,4,0.065,4.0
2026-04-29,1.641,tencent_finance,1.606,0.035,0.0003225806451612903,historical,2026-03-19,2026-06-18,62,2026-06-18,2025-04-29,242,True,0,0.0,0.067236194642,4.097269630834856,4,0.065,3.960999390615479
2026-04-30,1.636,tencent_finance,1.601,0.035,0.0003225806451612903,historical,2026-03-19,2026-06-18,62,2026-06-18,2025-04-30,242,True,0,0.0,0.067304537999,4.113969315342299,4,0.065,3.973105134474328
2026-05-06,1.644,tencent_finance,1.609,0.035,0.0003225806451612903,historical,2026-03-19,2026-06-18,62,2026-06-18,2025-05-06,242,True,0,0.0,0.067372881356,4.098107138442822,4,0.065,3.953771289537713
2026-05-07,1.618,tencent_finance,1.583,0.035,0.0003225806451612903,historical,2026-03-19,2026-06-18,62,2026-06-18,2025-05-07,242,True,0,0.0,0.067441224713,4.168184469283065,4,0.065,4.017305315203956
2026-05-08,1.613,tencent_finance,1.578,0.035,0.0003225806451612903,historical,2026-03-19,2026-06-18,62,2026-06-18,2025-05-08,242,True,0,0.0,0.06750956807,4.185342099814011,4,0.065,4.0297582145071305
2026-05-11,1.618,tencent_finance,1.583,0.035,0.0003225806451612903,historical,2026-03-19,2026-06-18,62,2026-06-18,2025-05-11,242,True,0,0.0,0.067577911427,4.1766323502472185,4,0.065,4.017305315203956
2026-05-12,1.617,tencent_finance,1.582,0.035,0.0003225806451612903,historical,2026-03-19,2026-06-18,62,2026-06-18,2025-05-12,242,True,0,0.0,0.067646254784,4.183441854298083,4,0.065,4.019789734075449
2026-05-13,1.609,tencent_finance,1.574,0.035,0.0003225806451612903,historical,2026-03-19,2026-06-18,62,2026-06-18,2025-05-13,242,True,0,0.0,0.067714598141,4.208489629645743,4,0.065,4.039776258545681
2026-05-14,1.597,tencent_finance,1.562,0.035,0.0003225806451612903,historical,2026-03-19,2026-06-18,62,2026-06-18,2025-05-14,242,True,0,0.0,0.067782941498,4.244392078772699,4,0.065,4.0701314965560424
2026-05-15,1.592,tencent_finance,1.557,0.035,0.0003225806451612903,historical,2026-03-19,2026-06-18,62,2026-06-18,2025-05-15,242,True,0,0.0,0.067851284855,4.262015380339196,4,0.065,4.082914572864321
2026-05-18,1.584,tencent_finance,1.549,0.035,0.0003225806451612903,historical,2026-03-19,2026-06-18,62,2026-06-18,2025-05-18,242,True,0,0.0,0.067919628212,4.287855316414141,4,0.065,4.103535353535354
2026-05-19,1.587,tencent_finance,1.552,0.035,0.0003225806451612903,historical,2026-03-19,2026-06-18,62,2026-06-18,2025-05-19,242,True,0,0.0,0.067987971569,4.284056179521109,4,0.065,4.095778197857594
2026-05-20,1.581,tencent_finance,1.546,0.035,0.0003225806451612903,historical,2026-03-19,2026-06-18,62,2026-06-18,2025-05-20,242,True,0,0.0,0.068056314926,4.304637250221379,4,0.065,4.111321948134092
2026-05-21,1.561,tencent_finance,1.526,0.035,0.0003225806451612903,historical,2026-03-19,2026-06-18,62,2026-06-18,2025-05-21,242,True,0,0.0,0.068124658283,4.364167731133889,4,0.065,4.163997437540039
2026-05-22,1.556,tencent_finance,1.521,0.035,0.0003225806451612903,historical,2026-03-19,2026-06-18,62,2026-06-18,2025-05-22,242,True,0,0.0,0.06819300164,4.382583652956298,4,0.065,4.177377892030849
2026-05-25,1.563,tencent_finance,1.528,0.035,0.0003225806451612903,historical,2026-03-19,2026-06-18,62,2026-06-18,2025-05-25,242,True,0,0.0,0.068261344997,4.367328534676903,4,0.065,4.158669225847729
2026-05-26,1.565,tencent_finance,1.53,0.035,0.0003225806451612903,historical,2026-03-19,2026-06-18,62,2026-06-18,2025-05-26,242,True,0,0.0,0.068329688354,4.366114271821086,4,0.065,4.15335463258786
2026-05-27,1.552,tencent_finance,1.517,0.035,0.0003225806451612903,historical,2026-03-19,2026-06-18,62,2026-06-18,2025-05-27,242,True,0,0.0,0.068398031711,4.407089672100516,4,0.065,4.1881443298969065
2026-05-28,1.548,tencent_finance,1.513,0.035,0.0003225806451612903,historical,2026-03-19,2026-06-18,62,2026-06-18,2025-05-28,242,True,0,0.0,0.068466375068,4.42289244625323,4,0.065,4.198966408268734
2026-05-29,1.571,tencent_finance,1.536,0.035,0.0003225806451612903,historical,2026-03-19,2026-06-18,62,2026-06-18,2025-05-29,242,True,0,0.0,0.068534718425,4.362490033418205,4,0.065,4.137492043284532
2026-06-01,1.608,tencent_finance,1.573,0.035,0.0003225806451612903,historical,2026-03-19,2026-06-18,62,2026-06-18,2025-06-01,242,True,0,0.0,0.068603061782,4.266359563557214,4,0.065,4.04228855721393
2026-06-02,1.604,tencent_finance,1.569,0.035,0.0003225806451612903,historical,2026-03-19,2026-06-18,62,2026-06-18,2025-06-02,243,True,0,0.0,0.068925642428,4.297109877057357,4,0.065,4.052369077306733
2026-06-03,1.606,tencent_finance,1.571,0.035,0.0003225806451612903,historical,2026-03-19,2026-06-18,62,2026-06-18,2025-06-03,243,True,0,0.0,0.068993985785,4.296014058841843,4,0.065,4.047322540473226
2026-06-04,1.598,tencent_finance,1.563,0.035,0.0003225806451612903,historical,2026-03-19,2026-06-18,62,2026-06-18,2025-06-04,243,True,0,0.0,0.069062329142,4.32179781864831,4,0.065,4.06758448060075
2026-06-05,1.6,tencent_finance,1.565,0.035,0.0003225806451612903,historical,2026-03-19,2026-06-18,62,2026-06-18,2025-06-05,243,True,0,0.0,0.069130672499,4.320667031187499,4,0.065,4.0625
2026-06-08,1.584,tencent_finance,1.549,0.035,0.0003225806451612903,historical,2026-03-19,2026-06-18,62,2026-06-18,2025-06-08,243,True,0,0.0,0.069199015856,4.368624738383838,4,0.065,4.103535353535354
2026-06-09,1.583,tencent_finance,1.548,0.035,0.0003225806451612903,historical,2026-03-19,2026-06-18,62,2026-06-18,2025-06-09,243,True,0,0.0,0.069267359213,4.375701782248894,4,0.065,4.10612760581175
2026-06-10,1.572,tencent_finance,1.537,0.035,0.0003225806451612903,historical,2026-03-19,2026-06-18,62,2026-06-18,2025-06-10,243,True,0,0.0,0.06933570257,4.4106681024173024,4,0.065,4.134860050890586
2026-06-11,1.567,tencent_finance,1.532,0.035,0.0003225806451612903,historical,2026-03-19,2026-06-18,62,2026-06-18,2025-06-11,243,True,0,0.0,0.069404045927,4.429103122335674,4,0.065,4.148053605615827
2026-06-12,1.591,tencent_finance,1.556,0.035,0.0003225806451612903,historical,2026-03-19,2026-06-18,62,2026-06-18,2025-06-12,243,True,0,0.0,0.069472389284,4.366586378629793,4,0.065,4.085480829666876
2026-06-15,1.577,tencent_finance,1.542,0.035,0.0003225806451612903,historical,2026-03-19,2026-06-18,62,2026-06-18,2025-06-15,243,True,0,0.0,0.069540732641,4.409685012111604,4,0.065,4.121750158528852
2026-06-16,1.551,tencent_finance,1.516,0.035,0.0003225806451612903,historical,2026-03-19,2026-06-18,62,2026-06-18,2025-06-16,243,True,0,0.0,0.069609075998,4.488012636879433,4,0.065,4.190844616376531
2026-06-17,1.537,tencent_finance,1.502,0.035,0.0003225806451612903,historical,2026-03-19,2026-06-18,62,2026-06-18,2025-06-17,243,True,0,0.0,0.069677419355,4.533338930058557,3,0.05,3.253090435914119
2026-06-18,1.488,tencent_finance,1.473,0.015,0.0003225806451612903,historical,2026-03-19,2026-06-18,62,2026-06-18,2025-06-18,243,True,0,0.0,0.069772727273,4.689027370497312,4,0.07,4.704301075268818
2026-06-22,1.503,tencent_finance,1.488,0.015,0.0002380952380952381,historical,2026-06-22,2026-09-16,63,2026-09-16,2025-06-22,242,True,0,0.0,0.069556277056,4.627829478110446,4,0.07,4.657351962741185
2026-06-23,1.493,tencent_finance,1.478,0.015,0.0002380952380952381,historical,2026-06-22,2026-09-16,63,2026-09-16,2025-06-23,242,True,0,0.0,0.069567099567,4.659551210113864,4,0.07,4.688546550569324
2026-06-24,1.473,tencent_finance,1.458,0.015,0.0002380952380952381,historical,2026-06-22,2026-09-16,63,2026-09-16,2025-06-24,242,True,0,0.0,0.069577922078,4.723552075899525,4,0.07,4.752206381534283
2026-06-25,1.455,tencent_finance,1.44,0.015,0.0002380952380952381,historical,2026-06-22,2026-09-16,63,2026-09-16,2025-06-25,242,True,0,0.0,0.069588744589,4.782731586872852,4,0.07,4.810996563573884
2026-06-26,1.429,tencent_finance,1.414,0.015,0.0002380952380952381,historical,2026-06-22,2026-09-16,63,2026-09-16,2025-06-26,242,True,0,0.0,0.0695995671,4.870508544436668,4,0.07,4.89853044086774
2026-06-29,1.436,tencent_finance,1.421,0.015,0.0002380952380952381,historical,2026-06-22,2026-09-16,63,2026-09-16,2025-06-29,242,True,0,0.0,0.06961038961,4.847520167827298,4,0.07,4.874651810584959
2026-06-30,1.41,tencent_finance,1.395,0.015,0.0002380952380952381,historical,2026-06-22,2026-09-16,63,2026-09-16,2025-06-30,242,True,0,0.0,0.069621212121,4.937674618510639,4,0.07,4.964539007092199
2026-07-01,1.434,tencent_finance,1.419,0.015,0.0002380952380952381,historical,2026-06-22,2026-09-16,63,2026-09-16,2025-07-01,242,True,0,0.0,0.069632034632,4.855790420641562,4,0.07,4.88145048814505
2026-07-02,1.448,tencent_finance,1.433,0.015,0.0002380952380952381,historical,2026-06-22,2026-09-16,63,2026-09-16,2025-07-02,242,True,0,0.0,0.069642857143,4.809589581698895,4,0.07,4.83425414364641
2026-07-03,1.464,tencent_finance,1.449,0.015,0.0002380952380952381,historical,2026-06-22,2026-09-16,63,2026-09-16,2025-07-03,242,True,0,0.0,0.069653679654,4.757765003688525,4,0.07,4.781420765027323
2026-07-06,1.49,tencent_finance,1.475,0.015,0.0002380952380952381,historical,2026-06-22,2026-09-16,63,2026-09-16,2025-07-06,242,True,0,0.0,0.069664502165,4.675469943959732,4,0.07,4.697986577181208
2026-07-07,1.471,tencent_finance,1.456,0.015,0.0002380952380952381,historical,2026-06-22,2026-09-16,63,2026-09-16,2025-07-07,242,True,0,0.0,0.069675324675,4.736595831067301,4,0.07,4.758667573079538
2026-07-08,1.48,tencent_finance,1.465,0.015,0.0002380952380952381,historical,2026-06-22,2026-09-16,63,2026-09-16,2025-07-08,242,True,0,0.0,0.069686147186,4.708523458513513,4,0.07,4.72972972972973
2026-07-09,1.461,tencent_finance,1.446,0.015,0.0002380952380952381,historical,2026-06-22,2026-09-16,63,2026-09-16,2025-07-09,242,True,0,0.0,0.069696969697,4.77049758364134,4,0.07,4.791238877481177
2026-07-10,1.46,tencent_finance,1.445,0.015,0.0002380952380952381,historical,2026-06-22,2026-09-16,63,2026-09-16,2025-07-10,242,True,0,0.0,0.069707792208,4.7745063156164385,4,0.07,4.794520547945206
2026-07-13,1.467,tencent_finance,1.452,0.015,0.0002380952380952381,historical,2026-06-22,2026-09-16,63,2026-09-16,2025-07-13,242,True,0,0.0,0.069718614719,4.752461807702795,4,0.07,4.771642808452625
2026-07-14,1.494,tencent_finance,1.479,0.015,0.0002380952380952381,historical,2026-06-22,2026-09-16,63,2026-09-16,2025-07-14,242,True,0,0.0,0.069729437229,4.6672983419678715,4,0.07,4.685408299866132
2026-07-15,1.516,tencent_finance,1.501,0.015,0.0002380952380952381,historical,2026-06-22,2026-09-16,63,2026-09-16,2025-07-15,242,True,0,0.0,0.06974025974,4.600280985488127,4,0.07,4.617414248021109
2026-07-16,1.501,tencent_finance,1.486,0.015,0.0002380952380952381,historical,2026-06-22,2026-09-16,63,2026-09-16,2025-07-16,242,True,0,0.0,0.069751082251,4.646974167288475,4,0.07,4.663557628247836
2026-07-17,1.493,tencent_finance,1.478,0.015,0.0002380952380952381,historical,2026-06-22,2026-09-16,63,2026-09-16,2025-07-17,242,True,0,0.0,0.069761904762,4.672599113328868,4,0.07,4.688546550569324
2026-07-20,1.537,tencent_finance,1.522,0.015,0.0002380952380952381,historical,2026-06-22,2026-09-16,63,2026-09-16,2025-07-20,242,True,0,0.0,0.069772727273,4.53953983558881,4,0.07,4.554326610279767
2026-07-21,1.524,tencent_finance,1.509,0.015,0.0002380952380952381,historical,2026-06-22,2026-09-16,63,2026-09-16,2025-07-21,242,True,0,0.0,0.069783549784,4.578973082939633,4,0.07,4.593175853018374
2026-07-22,1.54,tencent_finance,1.525,0.015,0.0002380952380952381,historical,2026-06-22,2026-09-16,63,2026-09-16,2025-07-22,242,True,0,0.0,0.069794372294,4.532102097012987,4,0.07,4.545454545454546
2026-07-23,1.555,tencent_finance,1.54,0.015,0.0002380952380952381,historical,2026-06-22,2026-09-16,63,2026-09-16,2025-07-23,242,True,0,0.0,0.069805194805,4.489080051768489,4,0.07,4.501607717041802
2026-07-24,1.531,tencent_finance,1.516,0.015,0.0002380952380952381,historical,2026-06-22,2026-09-16,63,2026-09-16,2025-07-24,242,True,0,0.0,0.069816017316,4.560157891312867,4,0.07,4.5721750489875905
2026-07-27,1.538,tencent_finance,1.523,0.015,0.0002380952380952381,historical,2026-06-22,2026-09-16,63,2026-09-16,2025-07-27,242,True,0,0.0,0.069826839827,4.540106620741223,4,0.07,4.551365409622887
2026-07-28,1.538,tencent_finance,1.523,0.015,0.0002380952380952381,historical,2026-06-22,2026-09-16,63,2026-09-16,2025-07-28,242,True,0,0.0,0.069837662338,4.540810295058517,4,0.07,4.551365409622887
2026-07-29,1.561,tencent_finance,1.546,0.015,0.0002380952380952381,historical,2026-06-22,2026-09-16,63,2026-09-16,2025-07-29,242,True,0,0.0,0.069848484848,4.474598644971173,4,0.07,4.4843049327354265
2026-07-30,1.577,tencent_finance,1.562,0.015,0.0002380952380952381,historical,2026-06-22,2026-09-16,63,2026-09-16,2025-07-30,242,True,0,0.0,0.069859307359,4.429886325871909,4,0.07,4.438807863031072
2026-07-31,1.577,tencent_finance,1.562,0.015,0.0002380952380952381,historical,2026-06-22,2026-09-16,63,2026-09-16,2025-07-31,242,True,0,0.0,0.06987012987,4.430572597970831,4,0.07,4.438807863031072
2026-08-03,1.571,tencent_finance,1.556,0.015,0.0002380952380952381,historical,2026-06-22,2026-09-16,63,2026-09-16,2025-08-03,242,True,0,0.0,0.069880952381,4.448182837746659,4,0.07,4.455760661998728
2026-08-04,1.548,tencent_finance,1.533,0.015,0.0002380952380952381,historical,2026-06-22,2026-09-16,63,2026-09-16,2025-08-04,242,True,0,0.0,0.069891774892,4.514972538242894,4,0.07,4.521963824289406
2026-08-05,1.544,tencent_finance,1.529,0.015,0.0002380952380952381,historical,2026-06-22,2026-09-16,63,2026-09-16,2025-08-05,242,True,0,0.0,0.069902597403,4.527370298121762,4,0.07,4.533678756476684
2026-08-06,1.563,tencent_finance,1.548,0.015,0.0002380952380952381,historical,2026-06-22,2026-09-16,63,2026-09-16,2025-08-06,242,True,0,0.0,0.069913419913,4.473027505630198,4,0.07,4.478566858605247
2026-08-07,1.559,tencent_finance,1.544,0.015,0.0002380952380952381,historical,2026-06-22,2026-09-16,63,2026-09-16,2025-08-07,242,True,0,0.0,0.069924242424,4.485198359461194,4,0.07,4.490057729313663
2026-08-10,1.577,tencent_finance,1.562,0.015,0.0002380952380952381,historical,2026-06-22,2026-09-16,63,2026-09-16,2025-08-10,242,True,0,0.0,0.069935064935,4.4346902305009515,4,0.07,4.438807863031072
2026-08-11,1.569,tencent_finance,1.554,0.015,0.0002380952380952381,historical,2026-06-22,2026-09-16,63,2026-09-16,2025-08-11,242,True,0,0.0,0.069945887446,4.457991551688973,4,0.07,4.461440407903123
2026-08-12,1.565,tencent_finance,1.55,0.015,0.0002380952380952381,historical,2026-06-22,2026-09-16,63,2026-09-16,2025-08-12,242,True,0,0.0,0.069956709957,4.470077313546326,4,0.07,4.472843450479234
2026-08-13,1.549,tencent_finance,1.534,0.015,0.0002380952380952381,historical,2026-06-22,2026-09-16,63,2026-09-16,2025-08-13,242,True,0,0.0,0.069967532468,4.51694851310523,4,0.07,4.519044544867657
2026-08-14,1.555,tencent_finance,1.54,0.015,0.0002380952380952381,historical,2026-06-22,2026-09-16,63,2026-09-16,2025-08-14,242,True,0,0.0,0.069978354978,4.50021575421222,4,0.07,4.501607717041802
2026-08-17,1.559,tencent_finance,1.544,0.015,0.0002380952380952381,historical,2026-06-22,2026-09-16,63,2026-09-16,2025-08-17,242,True,0,0.0,0.069989177489,4.489363533611289,4,0.07,4.490057729313663
2026-08-18,1.568,tencent_finance,1.553,0.015,0.0002380952380952381,historical,2026-06-22,2026-09-16,63,2026-09-16,2025-08-18,242,True,0,0.0,0.07,4.464285714285714,4,0.07,4.464285714285714
2026-08-19,1.574,tencent_finance,1.559,0.015,0.0002380952380952381,historical,2026-06-22,2026-09-16,63,2026-09-16,2025-08-19,242,True,0,0.0,0.070010822511,4.447955686848793,4,0.07,4.447268106734435
2026-08-20,1.585,tencent_finance,1.57,0.015,0.0002380952380952381,historical,2026-06-22,2026-09-16,63,2026-09-16,2025-08-20,242,True,0,0.0,0.070021645022,4.417769402018927,4,0.07,4.416403785488959
2026-08-21,1.582,tencent_finance,1.567,0.015,0.0002380952380952381,historical,2026-06-22,2026-09-16,63,2026-09-16,2025-08-21,242,True,0,0.0,0.070032467532,4.4268310702907705,4,0.07,4.424778761061947
2026-08-24,1.602,tencent_finance,1.587,0.015,0.0002380952380952381,historical,2026-06-22,2026-09-16,63,2026-09-16,2025-08-24,242,True,0,0.0,0.070043290043,4.372240327278401,4,0.07,4.369538077403246
2026-08-25,1.594,tencent_finance,1.579,0.015,0.0002380952380952381,historical,2026-06-22,2026-09-16,63,2026-09-16,2025-08-25,242,True,0,0.0,0.070054112554,4.394862770012547,4,0.07,4.391468005018821
2026-08-26,1.606,tencent_finance,1.591,0.015,0.0002380952380952381,historical,2026-06-22,2026-09-16,63,2026-09-16,2025-08-26,242,True,0,0.0,0.070064935065,4.362698322851806,4,0.07,4.35865504358655
2026-08-27,1.61,tencent_finance,1.595,0.015,0.0002380952380952381,historical,2026-06-22,2026-09-16,63,2026-09-16,2025-08-27,242,True,0,0.0,0.070075757576,4.352531526459627,4,0.07,4.3478260869565215
2026-08-28,1.614,tencent_finance,1.599,0.015,0.0002380952380952381,historical,2026-06-22,2026-09-16,63,2026-09-16,2025-08-28,242,True,0,0.0,0.070086580087,4.3424151231102845,4,0.07,4.337050805452292
2026-08-31,1.622,tencent_finance,1.607,0.015,0.0002380952380952381,historical,2026-06-22,2026-09-16,63,2026-09-16,2025-08-31,242,True,0,0.0,0.070097402597,4.321664771701602,4,0.07,4.315659679408138
2026-09-01,1.62,tencent_finance,1.605,0.015,0.0002380952380952381,historical,2026-06-22,2026-09-16,63,2026-09-16,2025-09-01,242,True,0,0.0,0.070108225108,4.327668216543209,4,0.07,4.320987654320988
2026-09-02,1.595,tencent_finance,1.58,0.015,0.0002380952380952381,historical,2026-06-22,2026-09-16,63,2026-09-16,2025-09-02,242,True,0,0.0,0.070119047619,4.396178534106583,4,0.07,4.3887147335423204
2026-09-03,1.599,tencent_finance,1.584,0.015,0.0002380952380952381,historical,2026-06-22,2026-09-16,63,2026-09-16,2025-09-03,242,True,0,0.0,0.07012987013,4.3858580444027515,4,0.07,4.377736085053159
2026-09-04,1.604,tencent_finance,1.589,0.015,0.0002380952380952381,historical,2026-06-22,2026-09-16,63,2026-09-16,2025-09-04,242,True,0,0.0,0.070140692641,4.37286113721945,4,0.07,4.364089775561098
2026-09-07,1.583,tencent_finance,1.568,0.015,0.0002380952380952381,historical,2026-06-22,2026-09-16,63,2026-09-16,2025-09-07,242,True,0,0.0,0.070151515152,4.431554968540745,4,0.07,4.421983575489577
2026-09-08,1.605,tencent_finance,1.59,0.015,0.0002380952380952381,historical,2026-06-22,2026-09-16,63,2026-09-16,2025-09-08,242,True,0,0.0,0.070162337662,4.37148521258567,4,0.07,4.361370716510904
2026-09-09,1.621,tencent_finance,1.606,0.015,0.0002380952380952381,historical,2026-06-22,2026-09-16,63,2026-09-16,2025-09-09,242,True,0,0.0,0.070173160173,4.329004328994448,4,0.07,4.318322023442319
2026-09-10,1.612,tencent_finance,1.597,0.015,0.0002380952380952381,historical,2026-06-22,2026-09-16,63,2026-09-16,2025-09-10,242,True,0,0.0,0.070183982684,4.353845079652605,4,0.07,4.3424317617866
2026-09-11,1.586,tencent_finance,1.571,0.015,0.0002380952380952381,historical,2026-06-22,2026-09-16,63,2026-09-16,2025-09-11,242,True,0,0.0,0.070194805195,4.4259019668978565,4,0.07,4.4136191677175285
2026-09-14,1.581,tencent_finance,1.566,0.015,0.0002380952380952381,historical,2026-06-22,2026-09-16,63,2026-09-16,2025-09-14,242,True,0,0.0,0.070205627706,4.440583662618596,4,0.07,4.427577482605946
2026-09-15,1.572,tencent_finance,1.557,0.015,0.0002380952380952381,historical,2026-06-22,2026-09-16,63,2026-09-16,2025-09-15,242,True,0,0.0,0.070216450216,4.466695306361323,4,0.07,4.4529262086514
2026-09-16,1.55,tencent_finance,1.55,0.0,0.0002380952380952381,historical,2026-06-22,2026-09-16,63,2026-09-16,2025-09-16,242,True,0,0.0,0.070227272727,4.530791788838709,5,0.085,5.483870967741936
2026-09-17,1.541,tencent_finance,1.541,0.0,0.0002380952380952381,estimated,2026-09-17,,,2026-09-16,2025-09-17,242,True,1,0.000238095238,0.070238095238,4.557955563789746,4,0.07,4.542504866969501
2026-09-18,1.539,tencent_finance,1.539,0.0,0.0002380952380952381,estimated,2026-09-17,,,2026-09-16,2025-09-18,242,True,2,0.000476190476,0.070142857143,4.557690522612086,4,0.07,4.548408057179987
2026-09-21,1.557,tencent_finance,1.557,0.0,0.0002380952380952381,estimated,2026-09-17,,,2026-09-16,2025-09-21,242,True,3,0.000714285714,0.070047619048,4.498883689659602,4,0.07,4.49582530507386
2026-09-22,1.556,tencent_finance,1.556,0.0,0.0002380952380952381,estimated,2026-09-17,,,2026-09-16,2025-09-22,242,True,4,0.000952380952,0.069952380952,4.495654302827763,4,0.07,4.4987146529562985
2026-09-23,1.543,tencent_finance,1.543,0.0,0.0002380952380952381,estimated,2026-09-17,,,2026-09-16,2025-09-23,242,True,5,0.00119047619,0.069857142857,4.527358577900195,4,0.07,4.536616979909269
2026-09-24,1.541,tencent_finance_raw_temporary,1.541,0.0,0.0002380952380952381,estimated,2026-09-17,,,2026-09-16,2025-09-24,242,True,6,0.001428571429,0.069761904762,4.527054170149254,4,0.07,4.542504866969501
